two_wheelers,cars,buses,trucks,timestamp
377,467,35,77,2024-01-01 00:00:00
348,590,35,50,2024-01-01 01:00:00
407,638,44,64,2024-01-01 02:00:00
485,739,33,75,2024-01-01 03:00:00
411,843,38,94,2024-01-01 04:00:00
446,627,53,127,2024-01-01 05:00:00
620,704,46,97,2024-01-01 06:00:00
1505,1401,92,68,2024-01-01 07:00:00
1339,1778,108,98,2024-01-01 08:00:00
1641,2079,86,116,2024-01-01 09:00:00
587,1159,70,128,2024-01-01 10:00:00
601,1022,53,112,2024-01-01 11:00:00
675,992,72,149,2024-01-01 12:00:00
461,1057,67,142,2024-01-01 13:00:00
468,883,68,107,2024-01-01 14:00:00
556,1276,55,128,2024-01-01 15:00:00
488,699,43,132,2024-01-01 16:00:00
1413,1775,87,102,2024-01-01 17:00:00
1082,2089,52,79,2024-01-01 18:00:00
910,1480,66,70,2024-01-01 19:00:00
519,662,49,101,2024-01-01 20:00:00
381,598,41,65,2024-01-01 21:00:00
374,577,48,79,2024-01-01 22:00:00
280,686,41,57,2024-01-01 23:00:00
323,375,32,81,2024-01-02 00:00:00
362,701,36,69,2024-01-02 01:00:00
307,467,37,88,2024-01-02 02:00:00
418,607,30,85,2024-01-02 03:00:00
388,638,37,70,2024-01-02 04:00:00
443,806,42,112,2024-01-02 05:00:00
456,610,35,124,2024-01-02 06:00:00
1727,1850,82,98,2024-01-02 07:00:00
1440,2407,83,82,2024-01-02 08:00:00
1279,1548,68,93,2024-01-02 09:00:00
710,1040,67,129,2024-01-02 10:00:00
529,933,72,116,2024-01-02 11:00:00
673,1110,67,164,2024-01-02 12:00:00
457,1038,62,132,2024-01-02 13:00:00
506,914,69,75,2024-01-02 14:00:00
626,1044,67,128,2024-01-02 15:00:00
641,1173,60,109,2024-01-02 16:00:00
1386,1681,71,86,2024-01-02 17:00:00
1233,1779,78,76,2024-01-02 18:00:00
1105,1194,82,83,2024-01-02 19:00:00
332,584,39,100,2024-01-02 20:00:00
353,677,52,82,2024-01-02 21:00:00
346,726,34,70,2024-01-02 22:00:00
413,601,36,71,2024-01-02 23:00:00
370,536,32,71,2024-01-03 00:00:00
263,571,37,63,2024-01-03 01:00:00
390,484,27,81,2024-01-03 02:00:00
373,691,36,85,2024-01-03 03:00:00
384,774,36,105,2024-01-03 04:00:00
506,691,47,110,2024-01-03 05:00:00
580,747,58,90,2024-01-03 06:00:00
1543,1802,89,97,2024-01-03 07:00:00
1263,1728,56,79,2024-01-03 08:00:00
1452,1930,119,108,2024-01-03 09:00:00
665,1332,66,117,2024-01-03 10:00:00
743,999,57,110,2024-01-03 11:00:00
606,989,67,136,2024-01-03 12:00:00
630,936,67,78,2024-01-03 13:00:00
528,1126,57,93,2024-01-03 14:00:00
500,948,63,119,2024-01-03 15:00:00
648,835,53,117,2024-01-03 16:00:00
1629,2077,76,82,2024-01-03 17:00:00
1243,1951,68,61,2024-01-03 18:00:00
1333,1350,55,65,2024-01-03 19:00:00
450,492,44,90,2024-01-03 20:00:00
358,729,43,86,2024-01-03 21:00:00
392,534,40,74,2024-01-03 22:00:00
439,639,40,84,2024-01-03 23:00:00
351,397,37,75,2024-01-04 00:00:00
441,649,33,63,2024-01-04 01:00:00
226,488,42,71,2024-01-04 02:00:00
446,704,32,63,2024-01-04 03:00:00
434,686,37,84,2024-01-04 04:00:00
444,637,40,108,2024-01-04 05:00:00
510,756,59,111,2024-01-04 06:00:00
952,1915,93,105,2024-01-04 07:00:00
1400,1882,93,88,2024-01-04 08:00:00
1607,2124,106,117,2024-01-04 09:00:00
775,1316,55,123,2024-01-04 10:00:00
599,795,68,159,2024-01-04 11:00:00
575,1301,64,130,2024-01-04 12:00:00
600,1055,73,144,2024-01-04 13:00:00
721,878,62,155,2024-01-04 14:00:00
640,782,58,119,2024-01-04 15:00:00
533,900,63,120,2024-01-04 16:00:00
1461,1976,92,104,2024-01-04 17:00:00
1277,1580,68,79,2024-01-04 18:00:00
1330,1823,69,60,2024-01-04 19:00:00
383,536,36,113,2024-01-04 20:00:00
377,633,25,74,2024-01-04 21:00:00
351,484,38,76,2024-01-04 22:00:00
279,603,39,84,2024-01-04 23:00:00
369,640,37,64,2024-01-05 00:00:00
372,537,25,61,2024-01-05 01:00:00
374,364,35,77,2024-01-05 02:00:00
383,655,27,58,2024-01-05 03:00:00
338,731,52,82,2024-01-05 04:00:00
436,789,39,96,2024-01-05 05:00:00
478,956,60,97,2024-01-05 06:00:00
1195,1460,93,67,2024-01-05 07:00:00
1415,2045,75,115,2024-01-05 08:00:00
1621,2306,76,99,2024-01-05 09:00:00
815,745,67,154,2024-01-05 10:00:00
667,1091,57,125,2024-01-05 11:00:00
681,970,67,114,2024-01-05 12:00:00
643,1028,60,135,2024-01-05 13:00:00
452,1070,47,123,2024-01-05 14:00:00
609,907,41,101,2024-01-05 15:00:00
585,834,60,142,2024-01-05 16:00:00
1861,1748,75,79,2024-01-05 17:00:00
1224,1351,69,58,2024-01-05 18:00:00
1215,1246,77,89,2024-01-05 19:00:00
426,756,50,79,2024-01-05 20:00:00
328,526,38,72,2024-01-05 21:00:00
437,657,35,55,2024-01-05 22:00:00
399,613,39,90,2024-01-05 23:00:00
237,252,17,34,2024-01-06 00:00:00
186,309,22,43,2024-01-06 01:00:00
272,423,24,51,2024-01-06 02:00:00
189,326,26,51,2024-01-06 03:00:00
280,383,18,51,2024-01-06 04:00:00
371,478,25,42,2024-01-06 05:00:00
258,542,26,53,2024-01-06 06:00:00
747,1006,50,54,2024-01-06 07:00:00
884,1015,56,49,2024-01-06 08:00:00
849,1426,67,61,2024-01-06 09:00:00
293,770,35,84,2024-01-06 10:00:00
395,717,36,89,2024-01-06 11:00:00
331,639,46,64,2024-01-06 12:00:00
419,550,41,104,2024-01-06 13:00:00
329,535,45,85,2024-01-06 14:00:00
453,634,38,73,2024-01-06 15:00:00
308,593,29,81,2024-01-06 16:00:00
777,1265,39,71,2024-01-06 17:00:00
850,1065,35,38,2024-01-06 18:00:00
570,693,46,43,2024-01-06 19:00:00
266,477,30,33,2024-01-06 20:00:00
286,325,31,49,2024-01-06 21:00:00
170,338,25,47,2024-01-06 22:00:00
221,357,25,43,2024-01-06 23:00:00
221,442,19,38,2024-01-07 00:00:00
241,506,18,30,2024-01-07 01:00:00
183,392,25,47,2024-01-07 02:00:00
192,372,25,58,2024-01-07 03:00:00
278,446,26,47,2024-01-07 04:00:00
293,508,30,60,2024-01-07 05:00:00
315,462,32,46,2024-01-07 06:00:00
860,1329,59,56,2024-01-07 07:00:00
784,1156,63,53,2024-01-07 08:00:00
952,1266,60,52,2024-01-07 09:00:00
399,673,43,68,2024-01-07 10:00:00
350,666,42,74,2024-01-07 11:00:00
505,711,37,83,2024-01-07 12:00:00
419,569,44,63,2024-01-07 13:00:00
314,561,30,72,2024-01-07 14:00:00
404,492,43,73,2024-01-07 15:00:00
298,595,29,58,2024-01-07 16:00:00
915,1169,51,66,2024-01-07 17:00:00
891,1038,40,42,2024-01-07 18:00:00
614,1121,45,40,2024-01-07 19:00:00
295,413,26,44,2024-01-07 20:00:00
254,421,18,61,2024-01-07 21:00:00
252,301,24,49,2024-01-07 22:00:00
277,325,20,37,2024-01-07 23:00:00
342,627,40,83,2024-01-08 00:00:00
319,649,36,74,2024-01-08 01:00:00
325,574,40,78,2024-01-08 02:00:00
350,632,34,76,2024-01-08 03:00:00
426,532,39,76,2024-01-08 04:00:00
491,708,44,98,2024-01-08 05:00:00
528,919,57,93,2024-01-08 06:00:00
1535,1899,103,111,2024-01-08 07:00:00
1460,2005,77,76,2024-01-08 08:00:00
1871,1981,107,121,2024-01-08 09:00:00
613,1023,43,126,2024-01-08 10:00:00
920,942,54,137,2024-01-08 11:00:00
721,1165,56,148,2024-01-08 12:00:00
570,1112,52,118,2024-01-08 13:00:00
536,1097,49,144,2024-01-08 14:00:00
659,905,65,73,2024-01-08 15:00:00
563,631,56,104,2024-01-08 16:00:00
1512,2036,87,75,2024-01-08 17:00:00
1357,1505,84,66,2024-01-08 18:00:00
1156,1302,73,72,2024-01-08 19:00:00
376,761,47,91,2024-01-08 20:00:00
309,601,40,88,2024-01-08 21:00:00
350,696,31,78,2024-01-08 22:00:00
406,629,42,65,2024-01-08 23:00:00
367,627,32,75,2024-01-09 00:00:00
293,459,31,73,2024-01-09 01:00:00
386,711,37,86,2024-01-09 02:00:00
423,665,35,89,2024-01-09 03:00:00
374,652,40,87,2024-01-09 04:00:00
479,765,49,81,2024-01-09 05:00:00
512,596,53,92,2024-01-09 06:00:00
1133,1858,71,80,2024-01-09 07:00:00
1538,1580,81,89,2024-01-09 08:00:00
1668,1570,107,102,2024-01-09 09:00:00
744,790,69,142,2024-01-09 10:00:00
758,1223,86,130,2024-01-09 11:00:00
524,956,78,132,2024-01-09 12:00:00
563,1289,77,134,2024-01-09 13:00:00
689,941,51,118,2024-01-09 14:00:00
663,732,69,106,2024-01-09 15:00:00
629,778,58,86,2024-01-09 16:00:00
2158,2075,75,78,2024-01-09 17:00:00
1378,1587,78,87,2024-01-09 18:00:00
1370,1375,80,67,2024-01-09 19:00:00
493,707,46,83,2024-01-09 20:00:00
439,688,35,86,2024-01-09 21:00:00
358,702,42,81,2024-01-09 22:00:00
402,702,33,60,2024-01-09 23:00:00
315,539,37,82,2024-01-10 00:00:00
348,463,34,84,2024-01-10 01:00:00
349,565,36,63,2024-01-10 02:00:00
406,666,45,70,2024-01-10 03:00:00
582,592,36,102,2024-01-10 04:00:00
338,643,61,92,2024-01-10 05:00:00
561,856,37,68,2024-01-10 06:00:00
1039,1741,75,69,2024-01-10 07:00:00
1359,1881,93,90,2024-01-10 08:00:00
1793,1748,101,81,2024-01-10 09:00:00
647,990,63,120,2024-01-10 10:00:00
550,904,65,132,2024-01-10 11:00:00
590,1199,70,161,2024-01-10 12:00:00
723,1212,63,125,2024-01-10 13:00:00
571,741,77,149,2024-01-10 14:00:00
636,849,69,150,2024-01-10 15:00:00
589,726,66,142,2024-01-10 16:00:00
1236,1583,70,91,2024-01-10 17:00:00
1680,1607,75,57,2024-01-10 18:00:00
1284,1175,67,80,2024-01-10 19:00:00
301,596,37,100,2024-01-10 20:00:00
412,545,42,79,2024-01-10 21:00:00
339,621,35,95,2024-01-10 22:00:00
407,584,40,82,2024-01-10 23:00:00
314,509,30,77,2024-01-11 00:00:00
356,594,46,84,2024-01-11 01:00:00
406,554,33,79,2024-01-11 02:00:00
453,616,41,50,2024-01-11 03:00:00
355,867,48,80,2024-01-11 04:00:00
446,903,43,111,2024-01-11 05:00:00
473,656,57,90,2024-01-11 06:00:00
1238,1975,67,85,2024-01-11 07:00:00
1852,2103,107,79,2024-01-11 08:00:00
1637,1636,93,125,2024-01-11 09:00:00
520,1153,58,161,2024-01-11 10:00:00
747,1294,63,114,2024-01-11 11:00:00
873,881,74,135,2024-01-11 12:00:00
759,907,60,118,2024-01-11 13:00:00
495,1184,57,140,2024-01-11 14:00:00
573,1028,60,133,2024-01-11 15:00:00
697,1015,48,131,2024-01-11 16:00:00
1227,1846,105,92,2024-01-11 17:00:00
1358,1726,70,117,2024-01-11 18:00:00
1311,1204,79,64,2024-01-11 19:00:00
373,802,45,64,2024-01-11 20:00:00
398,755,34,76,2024-01-11 21:00:00
194,583,38,58,2024-01-11 22:00:00
306,575,40,56,2024-01-11 23:00:00
344,440,35,61,2024-01-12 00:00:00
295,625,43,62,2024-01-12 01:00:00
470,656,44,65,2024-01-12 02:00:00
316,637,46,87,2024-01-12 03:00:00
405,811,40,80,2024-01-12 04:00:00
480,715,39,92,2024-01-12 05:00:00
621,886,46,116,2024-01-12 06:00:00
1079,1490,85,78,2024-01-12 07:00:00
1723,1871,95,90,2024-01-12 08:00:00
1549,1927,63,104,2024-01-12 09:00:00
548,1063,64,91,2024-01-12 10:00:00
704,995,67,85,2024-01-12 11:00:00
683,1040,64,140,2024-01-12 12:00:00
599,1183,79,141,2024-01-12 13:00:00
650,961,68,168,2024-01-12 14:00:00
583,751,74,127,2024-01-12 15:00:00
597,1185,57,132,2024-01-12 16:00:00
1511,2124,94,85,2024-01-12 17:00:00
1579,1316,95,85,2024-01-12 18:00:00
958,1662,84,94,2024-01-12 19:00:00
572,642,36,59,2024-01-12 20:00:00
284,669,39,85,2024-01-12 21:00:00
369,631,36,100,2024-01-12 22:00:00
394,559,39,76,2024-01-12 23:00:00
224,303,24,54,2024-01-13 00:00:00
197,312,19,39,2024-01-13 01:00:00
220,313,23,45,2024-01-13 02:00:00
224,338,17,49,2024-01-13 03:00:00
238,413,32,35,2024-01-13 04:00:00
319,404,26,47,2024-01-13 05:00:00
323,541,31,51,2024-01-13 06:00:00
740,1293,47,59,2024-01-13 07:00:00
1001,1030,62,64,2024-01-13 08:00:00
972,1232,32,62,2024-01-13 09:00:00
433,664,39,87,2024-01-13 10:00:00
433,678,39,77,2024-01-13 11:00:00
349,645,37,94,2024-01-13 12:00:00
362,703,50,79,2024-01-13 13:00:00
430,663,33,78,2024-01-13 14:00:00
406,484,41,71,2024-01-13 15:00:00
352,638,37,78,2024-01-13 16:00:00
841,1198,59,50,2024-01-13 17:00:00
914,869,41,56,2024-01-13 18:00:00
644,910,38,38,2024-01-13 19:00:00
282,460,30,44,2024-01-13 20:00:00
234,374,26,53,2024-01-13 21:00:00
220,422,17,45,2024-01-13 22:00:00
254,472,20,41,2024-01-13 23:00:00
242,303,23,49,2024-01-14 00:00:00
245,277,25,40,2024-01-14 01:00:00
272,380,20,44,2024-01-14 02:00:00
243,429,14,59,2024-01-14 03:00:00
288,403,28,64,2024-01-14 04:00:00
270,552,23,70,2024-01-14 05:00:00
322,393,21,59,2024-01-14 06:00:00
811,1169,29,63,2024-01-14 07:00:00
896,1028,59,48,2024-01-14 08:00:00
1014,1499,57,51,2024-01-14 09:00:00
339,804,37,50,2024-01-14 10:00:00
521,561,48,99,2024-01-14 11:00:00
339,586,44,70,2024-01-14 12:00:00
324,716,49,78,2024-01-14 13:00:00
454,583,31,67,2024-01-14 14:00:00
417,592,37,82,2024-01-14 15:00:00
386,567,27,67,2024-01-14 16:00:00
906,754,48,43,2024-01-14 17:00:00
766,981,44,52,2024-01-14 18:00:00
613,813,46,36,2024-01-14 19:00:00
264,387,26,46,2024-01-14 20:00:00
217,471,26,33,2024-01-14 21:00:00
261,295,25,36,2024-01-14 22:00:00
213,392,29,45,2024-01-14 23:00:00
314,550,34,51,2024-01-15 00:00:00
347,558,31,57,2024-01-15 01:00:00
403,679,39,76,2024-01-15 02:00:00
370,679,36,74,2024-01-15 03:00:00
382,757,53,113,2024-01-15 04:00:00
490,867,45,121,2024-01-15 05:00:00
532,780,47,89,2024-01-15 06:00:00
1276,1606,77,96,2024-01-15 07:00:00
1370,1580,98,105,2024-01-15 08:00:00
1608,1743,91,91,2024-01-15 09:00:00
506,1491,58,100,2024-01-15 10:00:00
522,1256,83,132,2024-01-15 11:00:00
595,850,58,130,2024-01-15 12:00:00
640,848,66,124,2024-01-15 13:00:00
676,1108,71,138,2024-01-15 14:00:00
759,1076,47,110,2024-01-15 15:00:00
666,1021,63,98,2024-01-15 16:00:00
1348,1701,70,90,2024-01-15 17:00:00
1278,1610,86,87,2024-01-15 18:00:00
1005,1588,61,62,2024-01-15 19:00:00
435,706,48,99,2024-01-15 20:00:00
387,431,47,59,2024-01-15 21:00:00
398,586,43,69,2024-01-15 22:00:00
319,508,38,70,2024-01-15 23:00:00
388,590,35,65,2024-01-16 00:00:00
449,845,33,67,2024-01-16 01:00:00
374,642,46,97,2024-01-16 02:00:00
429,617,36,71,2024-01-16 03:00:00
482,795,37,119,2024-01-16 04:00:00
445,813,52,101,2024-01-16 05:00:00
531,874,45,104,2024-01-16 06:00:00
1386,1932,71,95,2024-01-16 07:00:00
1498,2473,69,130,2024-01-16 08:00:00
1376,1654,87,85,2024-01-16 09:00:00
649,1109,64,108,2024-01-16 10:00:00
712,913,69,117,2024-01-16 11:00:00
813,1157,76,134,2024-01-16 12:00:00
758,914,71,98,2024-01-16 13:00:00
856,970,63,130,2024-01-16 14:00:00
551,952,60,156,2024-01-16 15:00:00
668,1083,64,121,2024-01-16 16:00:00
1422,2015,99,85,2024-01-16 17:00:00
1706,1336,78,75,2024-01-16 18:00:00
1041,1528,66,86,2024-01-16 19:00:00
382,624,37,76,2024-01-16 20:00:00
368,525,32,103,2024-01-16 21:00:00
259,588,42,98,2024-01-16 22:00:00
336,557,40,76,2024-01-16 23:00:00
319,786,39,72,2024-01-17 00:00:00
374,623,36,84,2024-01-17 01:00:00
400,483,46,89,2024-01-17 02:00:00
519,594,38,71,2024-01-17 03:00:00
500,807,50,81,2024-01-17 04:00:00
433,997,47,76,2024-01-17 05:00:00
445,627,47,109,2024-01-17 06:00:00
1488,1274,91,98,2024-01-17 07:00:00
1186,2424,94,75,2024-01-17 08:00:00
1987,2112,99,93,2024-01-17 09:00:00
763,902,66,103,2024-01-17 10:00:00
617,1147,66,115,2024-01-17 11:00:00
497,647,91,145,2024-01-17 12:00:00
798,1062,78,118,2024-01-17 13:00:00
637,1088,72,124,2024-01-17 14:00:00
739,1136,63,94,2024-01-17 15:00:00
450,803,68,122,2024-01-17 16:00:00
1261,1797,90,88,2024-01-17 17:00:00
1287,1418,77,73,2024-01-17 18:00:00
1195,1577,68,74,2024-01-17 19:00:00
408,606,43,90,2024-01-17 20:00:00
443,609,21,71,2024-01-17 21:00:00
320,518,39,59,2024-01-17 22:00:00
358,642,34,93,2024-01-17 23:00:00
367,651,45,65,2024-01-18 00:00:00
394,565,37,72,2024-01-18 01:00:00
422,614,31,88,2024-01-18 02:00:00
337,508,40,124,2024-01-18 03:00:00
337,669,37,71,2024-01-18 04:00:00
566,755,51,101,2024-01-18 05:00:00
541,1148,54,92,2024-01-18 06:00:00
1232,1480,95,82,2024-01-18 07:00:00
1826,2313,78,85,2024-01-18 08:00:00
1588,2297,94,83,2024-01-18 09:00:00
764,1082,52,129,2024-01-18 10:00:00
671,1344,73,104,2024-01-18 11:00:00
877,1132,72,153,2024-01-18 12:00:00
840,1125,71,134,2024-01-18 13:00:00
625,1030,65,138,2024-01-18 14:00:00
716,1183,66,116,2024-01-18 15:00:00
650,1104,74,112,2024-01-18 16:00:00
1673,1610,80,93,2024-01-18 17:00:00
1102,1323,79,68,2024-01-18 18:00:00
1310,1474,60,72,2024-01-18 19:00:00
507,617,38,76,2024-01-18 20:00:00
299,643,41,70,2024-01-18 21:00:00
314,723,44,52,2024-01-18 22:00:00
254,545,35,88,2024-01-18 23:00:00
347,574,35,65,2024-01-19 00:00:00
406,592,34,86,2024-01-19 01:00:00
468,689,35,89,2024-01-19 02:00:00
411,431,42,66,2024-01-19 03:00:00
546,638,34,73,2024-01-19 04:00:00
377,786,57,132,2024-01-19 05:00:00
384,974,46,130,2024-01-19 06:00:00
1379,1648,92,89,2024-01-19 07:00:00
1569,1365,72,99,2024-01-19 08:00:00
1556,2188,103,91,2024-01-19 09:00:00
449,941,72,138,2024-01-19 10:00:00
657,875,70,119,2024-01-19 11:00:00
540,973,57,93,2024-01-19 12:00:00
732,1035,69,107,2024-01-19 13:00:00
686,946,53,130,2024-01-19 14:00:00
537,670,60,104,2024-01-19 15:00:00
548,1077,69,117,2024-01-19 16:00:00
1169,2120,93,75,2024-01-19 17:00:00
1278,1813,78,73,2024-01-19 18:00:00
1360,1263,61,86,2024-01-19 19:00:00
374,681,48,91,2024-01-19 20:00:00
437,650,41,81,2024-01-19 21:00:00
352,666,25,86,2024-01-19 22:00:00
323,645,41,79,2024-01-19 23:00:00
214,309,22,53,2024-01-20 00:00:00
186,357,26,41,2024-01-20 01:00:00
210,392,19,43,2024-01-20 02:00:00
200,476,13,39,2024-01-20 03:00:00
341,466,27,49,2024-01-20 04:00:00
288,512,30,65,2024-01-20 05:00:00
278,502,23,74,2024-01-20 06:00:00
862,1296,43,61,2024-01-20 07:00:00
877,1211,76,42,2024-01-20 08:00:00
909,1048,54,70,2024-01-20 09:00:00
427,757,43,57,2024-01-20 10:00:00
445,707,36,91,2024-01-20 11:00:00
371,602,28,76,2024-01-20 12:00:00
365,594,39,88,2024-01-20 13:00:00
375,653,38,63,2024-01-20 14:00:00
246,643,35,88,2024-01-20 15:00:00
276,588,35,56,2024-01-20 16:00:00
1007,1119,52,48,2024-01-20 17:00:00
967,1245,45,42,2024-01-20 18:00:00
688,1062,35,34,2024-01-20 19:00:00
286,434,28,53,2024-01-20 20:00:00
256,446,17,62,2024-01-20 21:00:00
336,310,16,64,2024-01-20 22:00:00
257,373,24,45,2024-01-20 23:00:00
213,442,23,51,2024-01-21 00:00:00
189,341,22,46,2024-01-21 01:00:00
175,321,18,49,2024-01-21 02:00:00
252,353,22,46,2024-01-21 03:00:00
234,353,25,54,2024-01-21 04:00:00
225,404,22,62,2024-01-21 05:00:00
280,469,28,57,2024-01-21 06:00:00
701,845,55,53,2024-01-21 07:00:00
1119,1146,65,57,2024-01-21 08:00:00
1066,1368,53,68,2024-01-21 09:00:00
391,541,44,66,2024-01-21 10:00:00
490,787,29,80,2024-01-21 11:00:00
408,696,44,104,2024-01-21 12:00:00
349,740,35,94,2024-01-21 13:00:00
481,564,41,94,2024-01-21 14:00:00
407,680,36,76,2024-01-21 15:00:00
302,478,43,75,2024-01-21 16:00:00
813,1214,44,62,2024-01-21 17:00:00
675,1020,51,61,2024-01-21 18:00:00
568,993,41,32,2024-01-21 19:00:00
301,348,26,42,2024-01-21 20:00:00
315,339,24,59,2024-01-21 21:00:00
182,401,20,44,2024-01-21 22:00:00
239,303,22,40,2024-01-21 23:00:00
328,621,36,59,2024-01-22 00:00:00
341,468,38,68,2024-01-22 01:00:00
350,692,39,61,2024-01-22 02:00:00
356,533,46,107,2024-01-22 03:00:00
444,764,50,88,2024-01-22 04:00:00
419,837,40,95,2024-01-22 05:00:00
540,743,59,113,2024-01-22 06:00:00
1386,1944,69,102,2024-01-22 07:00:00
1437,1983,97,109,2024-01-22 08:00:00
1357,1849,103,117,2024-01-22 09:00:00
597,887,47,118,2024-01-22 10:00:00
745,755,68,128,2024-01-22 11:00:00
725,1135,63,150,2024-01-22 12:00:00
571,819,59,123,2024-01-22 13:00:00
663,1060,79,131,2024-01-22 14:00:00
699,966,57,133,2024-01-22 15:00:00
447,1051,52,133,2024-01-22 16:00:00
1511,1707,85,66,2024-01-22 17:00:00
1167,1577,86,92,2024-01-22 18:00:00
1298,1698,70,74,2024-01-22 19:00:00
390,741,52,97,2024-01-22 20:00:00
298,685,44,91,2024-01-22 21:00:00
290,657,26,95,2024-01-22 22:00:00
371,453,34,89,2024-01-22 23:00:00
378,648,33,87,2024-01-23 00:00:00
319,644,40,90,2024-01-23 01:00:00
421,521,23,80,2024-01-23 02:00:00
307,631,57,82,2024-01-23 03:00:00
437,702,48,100,2024-01-23 04:00:00
392,751,49,106,2024-01-23 05:00:00
469,872,61,99,2024-01-23 06:00:00
1409,2175,113,95,2024-01-23 07:00:00
1300,2221,101,95,2024-01-23 08:00:00
1483,1618,108,88,2024-01-23 09:00:00
753,1144,67,156,2024-01-23 10:00:00
612,1285,66,135,2024-01-23 11:00:00
760,1143,63,177,2024-01-23 12:00:00
556,1247,59,101,2024-01-23 13:00:00
706,1363,59,120,2024-01-23 14:00:00
766,1162,50,127,2024-01-23 15:00:00
376,991,59,140,2024-01-23 16:00:00
1232,2071,63,95,2024-01-23 17:00:00
1411,1698,80,87,2024-01-23 18:00:00
1161,1538,71,64,2024-01-23 19:00:00
466,669,45,73,2024-01-23 20:00:00
372,808,38,86,2024-01-23 21:00:00
389,539,56,61,2024-01-23 22:00:00
360,726,44,68,2024-01-23 23:00:00
428,626,30,78,2024-01-24 00:00:00
383,467,38,63,2024-01-24 01:00:00
404,650,35,96,2024-01-24 02:00:00
384,449,35,97,2024-01-24 03:00:00
410,774,35,68,2024-01-24 04:00:00
449,869,51,83,2024-01-24 05:00:00
551,758,47,68,2024-01-24 06:00:00
1313,1827,96,79,2024-01-24 07:00:00
1560,2475,103,107,2024-01-24 08:00:00
2067,1864,114,95,2024-01-24 09:00:00
741,882,57,140,2024-01-24 10:00:00
638,1312,72,104,2024-01-24 11:00:00
798,1400,74,151,2024-01-24 12:00:00
630,1074,62,123,2024-01-24 13:00:00
455,1207,58,131,2024-01-24 14:00:00
535,1212,78,124,2024-01-24 15:00:00
430,850,62,97,2024-01-24 16:00:00
1327,1663,92,74,2024-01-24 17:00:00
1304,1972,68,95,2024-01-24 18:00:00
1501,1923,59,81,2024-01-24 19:00:00
464,767,40,102,2024-01-24 20:00:00
396,569,40,86,2024-01-24 21:00:00
433,800,32,79,2024-01-24 22:00:00
247,544,37,55,2024-01-24 23:00:00
377,554,27,70,2024-01-25 00:00:00
413,622,31,74,2024-01-25 01:00:00
300,761,42,100,2024-01-25 02:00:00
481,741,45,91,2024-01-25 03:00:00
465,752,42,109,2024-01-25 04:00:00
450,822,41,105,2024-01-25 05:00:00
570,839,44,93,2024-01-25 06:00:00
1881,1947,79,91,2024-01-25 07:00:00
1538,1189,99,99,2024-01-25 08:00:00
1637,1930,108,87,2024-01-25 09:00:00
611,1088,61,124,2024-01-25 10:00:00
586,889,56,130,2024-01-25 11:00:00
761,1146,70,168,2024-01-25 12:00:00
586,1042,59,92,2024-01-25 13:00:00
663,1326,61,155,2024-01-25 14:00:00
586,1249,76,109,2024-01-25 15:00:00
642,891,67,95,2024-01-25 16:00:00
1473,1756,86,106,2024-01-25 17:00:00
1505,1648,63,92,2024-01-25 18:00:00
1109,1433,74,91,2024-01-25 19:00:00
425,729,51,99,2024-01-25 20:00:00
350,582,39,107,2024-01-25 21:00:00
360,512,46,84,2024-01-25 22:00:00
391,647,44,72,2024-01-25 23:00:00
407,639,46,77,2024-01-26 00:00:00
319,521,39,88,2024-01-26 01:00:00
436,701,42,68,2024-01-26 02:00:00
495,595,50,74,2024-01-26 03:00:00
471,736,47,85,2024-01-26 04:00:00
617,865,44,66,2024-01-26 05:00:00
461,830,49,106,2024-01-26 06:00:00
1143,1922,87,64,2024-01-26 07:00:00
1100,1771,73,97,2024-01-26 08:00:00
1935,1964,93,114,2024-01-26 09:00:00
722,1019,77,122,2024-01-26 10:00:00
667,956,45,168,2024-01-26 11:00:00
707,1056,83,106,2024-01-26 12:00:00
559,826,79,159,2024-01-26 13:00:00
898,974,61,145,2024-01-26 14:00:00
645,968,68,94,2024-01-26 15:00:00
610,923,60,169,2024-01-26 16:00:00
1558,1734,100,89,2024-01-26 17:00:00
1398,1654,90,72,2024-01-26 18:00:00
1243,1650,57,61,2024-01-26 19:00:00
391,802,48,86,2024-01-26 20:00:00
440,593,40,81,2024-01-26 21:00:00
495,506,39,78,2024-01-26 22:00:00
445,500,33,71,2024-01-26 23:00:00
272,325,28,48,2024-01-27 00:00:00
206,337,26,42,2024-01-27 01:00:00
198,328,21,33,2024-01-27 02:00:00
242,318,20,48,2024-01-27 03:00:00
269,397,25,34,2024-01-27 04:00:00
337,475,31,61,2024-01-27 05:00:00
234,546,32,53,2024-01-27 06:00:00
1038,991,60,55,2024-01-27 07:00:00
880,1082,60,69,2024-01-27 08:00:00
889,1047,65,52,2024-01-27 09:00:00
335,629,41,92,2024-01-27 10:00:00
304,565,32,76,2024-01-27 11:00:00
458,708,40,103,2024-01-27 12:00:00
409,474,47,76,2024-01-27 13:00:00
318,598,39,69,2024-01-27 14:00:00
306,635,41,84,2024-01-27 15:00:00
342,593,34,67,2024-01-27 16:00:00
1056,1518,43,47,2024-01-27 17:00:00
753,1056,46,47,2024-01-27 18:00:00
560,786,45,46,2024-01-27 19:00:00
257,420,24,64,2024-01-27 20:00:00
237,290,24,35,2024-01-27 21:00:00
138,367,20,47,2024-01-27 22:00:00
221,312,26,49,2024-01-27 23:00:00
212,400,21,45,2024-01-28 00:00:00
246,327,27,53,2024-01-28 01:00:00
297,365,29,46,2024-01-28 02:00:00
289,358,24,48,2024-01-28 03:00:00
256,538,23,58,2024-01-28 04:00:00
241,441,20,59,2024-01-28 05:00:00
435,640,24,59,2024-01-28 06:00:00
853,1215,40,58,2024-01-28 07:00:00
904,1239,65,52,2024-01-28 08:00:00
948,1285,58,55,2024-01-28 09:00:00
407,670,42,73,2024-01-28 10:00:00
396,460,27,97,2024-01-28 11:00:00
373,626,33,42,2024-01-28 12:00:00
372,730,46,86,2024-01-28 13:00:00
394,628,41,79,2024-01-28 14:00:00
349,480,37,57,2024-01-28 15:00:00
322,573,39,76,2024-01-28 16:00:00
859,1359,63,58,2024-01-28 17:00:00
755,1192,46,55,2024-01-28 18:00:00
887,918,44,28,2024-01-28 19:00:00
161,488,27,64,2024-01-28 20:00:00
288,374,34,44,2024-01-28 21:00:00
276,277,16,51,2024-01-28 22:00:00
154,307,25,50,2024-01-28 23:00:00
348,724,36,64,2024-01-29 00:00:00
351,571,40,82,2024-01-29 01:00:00
306,598,35,73,2024-01-29 02:00:00
365,631,41,57,2024-01-29 03:00:00
371,916,49,105,2024-01-29 04:00:00
610,962,71,85,2024-01-29 05:00:00
597,1117,59,91,2024-01-29 06:00:00
1681,1764,74,85,2024-01-29 07:00:00
1669,2014,85,100,2024-01-29 08:00:00
1319,1570,89,101,2024-01-29 09:00:00
608,1290,48,143,2024-01-29 10:00:00
725,892,64,108,2024-01-29 11:00:00
556,1125,76,121,2024-01-29 12:00:00
748,903,55,133,2024-01-29 13:00:00
636,963,76,170,2024-01-29 14:00:00
599,889,68,125,2024-01-29 15:00:00
667,876,54,140,2024-01-29 16:00:00
1506,1661,83,91,2024-01-29 17:00:00
1239,1539,97,78,2024-01-29 18:00:00
1418,1740,80,74,2024-01-29 19:00:00
373,594,45,87,2024-01-29 20:00:00
451,682,40,90,2024-01-29 21:00:00
422,734,39,94,2024-01-29 22:00:00
355,550,34,78,2024-01-29 23:00:00
385,524,25,87,2024-01-30 00:00:00
303,576,49,64,2024-01-30 01:00:00
442,731,40,73,2024-01-30 02:00:00
402,681,44,74,2024-01-30 03:00:00
411,657,44,93,2024-01-30 04:00:00
560,831,43,92,2024-01-30 05:00:00
469,701,51,116,2024-01-30 06:00:00
1115,1994,64,78,2024-01-30 07:00:00
1156,2049,121,97,2024-01-30 08:00:00
1735,1941,78,112,2024-01-30 09:00:00
534,925,56,91,2024-01-30 10:00:00
855,939,63,178,2024-01-30 11:00:00
469,1179,81,131,2024-01-30 12:00:00
849,1282,68,94,2024-01-30 13:00:00
682,957,54,135,2024-01-30 14:00:00
627,1088,76,128,2024-01-30 15:00:00
554,663,67,119,2024-01-30 16:00:00
1498,1651,92,104,2024-01-30 17:00:00
1304,1671,87,93,2024-01-30 18:00:00
1410,1337,99,81,2024-01-30 19:00:00
454,613,59,95,2024-01-30 20:00:00
423,595,37,81,2024-01-30 21:00:00
367,649,48,98,2024-01-30 22:00:00
369,579,39,58,2024-01-30 23:00:00
385,391,40,75,2024-01-31 00:00:00
277,407,28,75,2024-01-31 01:00:00
310,566,38,87,2024-01-31 02:00:00
460,708,36,72,2024-01-31 03:00:00
458,420,50,66,2024-01-31 04:00:00
471,717,56,99,2024-01-31 05:00:00
527,774,36,110,2024-01-31 06:00:00
1489,2189,85,111,2024-01-31 07:00:00
1388,1822,106,78,2024-01-31 08:00:00
1406,2155,93,120,2024-01-31 09:00:00
681,1082,73,179,2024-01-31 10:00:00
578,738,71,128,2024-01-31 11:00:00
725,1219,72,110,2024-01-31 12:00:00
505,1119,65,127,2024-01-31 13:00:00
764,1140,54,133,2024-01-31 14:00:00
682,1619,53,138,2024-01-31 15:00:00
627,665,67,110,2024-01-31 16:00:00
1624,2281,85,112,2024-01-31 17:00:00
1642,1609,77,70,2024-01-31 18:00:00
1396,1618,68,57,2024-01-31 19:00:00
323,710,43,104,2024-01-31 20:00:00
335,620,48,55,2024-01-31 21:00:00
352,569,37,75,2024-01-31 22:00:00
375,627,30,110,2024-01-31 23:00:00
397,455,41,74,2024-02-01 00:00:00
333,665,36,62,2024-02-01 01:00:00
400,584,39,77,2024-02-01 02:00:00
368,551,51,82,2024-02-01 03:00:00
406,667,45,92,2024-02-01 04:00:00
383,923,51,107,2024-02-01 05:00:00
453,774,43,89,2024-02-01 06:00:00
1130,1912,82,114,2024-02-01 07:00:00
1291,1724,99,100,2024-02-01 08:00:00
1846,2273,73,113,2024-02-01 09:00:00
568,1170,68,120,2024-02-01 10:00:00
947,1387,69,162,2024-02-01 11:00:00
735,1066,69,132,2024-02-01 12:00:00
697,1195,78,141,2024-02-01 13:00:00
578,1076,70,114,2024-02-01 14:00:00
705,1219,78,108,2024-02-01 15:00:00
553,864,51,134,2024-02-01 16:00:00
1444,2017,87,85,2024-02-01 17:00:00
1821,1635,80,73,2024-02-01 18:00:00
1196,1538,61,70,2024-02-01 19:00:00
524,725,51,99,2024-02-01 20:00:00
371,688,56,75,2024-02-01 21:00:00
387,612,39,77,2024-02-01 22:00:00
473,617,40,75,2024-02-01 23:00:00
334,730,37,53,2024-02-02 00:00:00
476,687,33,58,2024-02-02 01:00:00
431,705,28,82,2024-02-02 02:00:00
380,619,37,74,2024-02-02 03:00:00
490,621,35,104,2024-02-02 04:00:00
557,889,61,111,2024-02-02 05:00:00
576,954,52,117,2024-02-02 06:00:00
1085,2218,81,116,2024-02-02 07:00:00
1350,1763,103,96,2024-02-02 08:00:00
1537,1973,80,112,2024-02-02 09:00:00
656,801,59,121,2024-02-02 10:00:00
743,1023,69,186,2024-02-02 11:00:00
703,1260,79,178,2024-02-02 12:00:00
543,1011,73,136,2024-02-02 13:00:00
702,1164,69,140,2024-02-02 14:00:00
697,993,65,154,2024-02-02 15:00:00
657,1017,64,119,2024-02-02 16:00:00
1650,1504,88,82,2024-02-02 17:00:00
1482,1708,67,95,2024-02-02 18:00:00
1299,857,73,79,2024-02-02 19:00:00
443,696,38,92,2024-02-02 20:00:00
312,502,42,73,2024-02-02 21:00:00
415,737,36,58,2024-02-02 22:00:00
386,669,52,77,2024-02-02 23:00:00
231,379,22,50,2024-02-03 00:00:00
182,442,18,43,2024-02-03 01:00:00
196,322,23,57,2024-02-03 02:00:00
289,504,27,45,2024-02-03 03:00:00
267,491,34,45,2024-02-03 04:00:00
322,451,27,58,2024-02-03 05:00:00
318,593,24,63,2024-02-03 06:00:00
857,911,57,61,2024-02-03 07:00:00
1038,1021,43,51,2024-02-03 08:00:00
885,1116,54,74,2024-02-03 09:00:00
405,587,38,103,2024-02-03 10:00:00
380,550,40,81,2024-02-03 11:00:00
385,779,45,98,2024-02-03 12:00:00
389,628,37,69,2024-02-03 13:00:00
412,672,38,93,2024-02-03 14:00:00
356,561,38,89,2024-02-03 15:00:00
433,423,37,82,2024-02-03 16:00:00
738,1136,52,54,2024-02-03 17:00:00
769,722,51,28,2024-02-03 18:00:00
682,925,49,42,2024-02-03 19:00:00
327,342,28,49,2024-02-03 20:00:00
257,518,27,43,2024-02-03 21:00:00
271,426,18,48,2024-02-03 22:00:00
175,365,23,42,2024-02-03 23:00:00
231,422,24,39,2024-02-04 00:00:00
255,314,25,38,2024-02-04 01:00:00
238,406,21,42,2024-02-04 02:00:00
290,412,23,58,2024-02-04 03:00:00
249,448,25,49,2024-02-04 04:00:00
354,557,32,54,2024-02-04 05:00:00
426,563,37,59,2024-02-04 06:00:00
808,1141,48,57,2024-02-04 07:00:00
850,877,62,62,2024-02-04 08:00:00
1170,1053,59,33,2024-02-04 09:00:00
494,627,39,92,2024-02-04 10:00:00
377,663,40,99,2024-02-04 11:00:00
386,548,46,69,2024-02-04 12:00:00
392,891,43,70,2024-02-04 13:00:00
319,784,54,74,2024-02-04 14:00:00
331,670,34,68,2024-02-04 15:00:00
310,590,39,75,2024-02-04 16:00:00
756,1058,47,39,2024-02-04 17:00:00
788,870,41,42,2024-02-04 18:00:00
757,947,44,58,2024-02-04 19:00:00
332,448,28,46,2024-02-04 20:00:00
212,325,36,59,2024-02-04 21:00:00
269,394,23,49,2024-02-04 22:00:00
218,352,19,33,2024-02-04 23:00:00
368,423,39,81,2024-02-05 00:00:00
414,524,26,74,2024-02-05 01:00:00
326,588,39,73,2024-02-05 02:00:00
441,856,42,86,2024-02-05 03:00:00
461,780,50,96,2024-02-05 04:00:00
524,624,56,108,2024-02-05 05:00:00
552,908,49,125,2024-02-05 06:00:00
1950,1401,84,97,2024-02-05 07:00:00
1375,2263,81,77,2024-02-05 08:00:00
1475,1907,80,95,2024-02-05 09:00:00
604,1051,70,192,2024-02-05 10:00:00
625,1309,55,151,2024-02-05 11:00:00
622,888,64,186,2024-02-05 12:00:00
804,863,58,165,2024-02-05 13:00:00
809,973,72,138,2024-02-05 14:00:00
586,1186,81,134,2024-02-05 15:00:00
532,752,49,121,2024-02-05 16:00:00
1526,1049,62,67,2024-02-05 17:00:00
1213,1578,78,85,2024-02-05 18:00:00
1336,1691,73,92,2024-02-05 19:00:00
463,849,46,82,2024-02-05 20:00:00
322,621,39,89,2024-02-05 21:00:00
482,588,38,88,2024-02-05 22:00:00
477,705,40,65,2024-02-05 23:00:00
337,427,43,69,2024-02-06 00:00:00
354,567,27,64,2024-02-06 01:00:00
409,645,37,69,2024-02-06 02:00:00
438,713,43,67,2024-02-06 03:00:00
495,665,39,78,2024-02-06 04:00:00
636,786,62,119,2024-02-06 05:00:00
516,531,48,91,2024-02-06 06:00:00
1256,1646,85,93,2024-02-06 07:00:00
1208,2082,99,90,2024-02-06 08:00:00
1429,1752,88,121,2024-02-06 09:00:00
664,1077,48,160,2024-02-06 10:00:00
867,1166,64,154,2024-02-06 11:00:00
635,1045,79,144,2024-02-06 12:00:00
706,1121,65,132,2024-02-06 13:00:00
666,914,58,110,2024-02-06 14:00:00
757,996,73,166,2024-02-06 15:00:00
840,1064,58,108,2024-02-06 16:00:00
1314,1870,79,100,2024-02-06 17:00:00
1227,1546,81,98,2024-02-06 18:00:00
1413,1616,82,72,2024-02-06 19:00:00
496,798,61,104,2024-02-06 20:00:00
533,462,47,93,2024-02-06 21:00:00
426,736,46,99,2024-02-06 22:00:00
356,572,35,70,2024-02-06 23:00:00
404,632,31,60,2024-02-07 00:00:00
439,711,38,70,2024-02-07 01:00:00
441,499,40,81,2024-02-07 02:00:00
450,597,35,84,2024-02-07 03:00:00
523,690,44,85,2024-02-07 04:00:00
575,691,52,70,2024-02-07 05:00:00
640,1070,56,114,2024-02-07 06:00:00
1568,1594,92,119,2024-02-07 07:00:00
1487,1789,95,104,2024-02-07 08:00:00
1643,2120,89,112,2024-02-07 09:00:00
789,876,62,145,2024-02-07 10:00:00
600,1030,56,145,2024-02-07 11:00:00
728,1156,87,157,2024-02-07 12:00:00
644,1040,69,145,2024-02-07 13:00:00
671,1054,65,127,2024-02-07 14:00:00
766,947,55,113,2024-02-07 15:00:00
627,754,88,117,2024-02-07 16:00:00
1439,1917,72,96,2024-02-07 17:00:00
1056,2144,74,81,2024-02-07 18:00:00
1360,1570,78,82,2024-02-07 19:00:00
495,746,49,96,2024-02-07 20:00:00
554,738,48,94,2024-02-07 21:00:00
374,509,50,94,2024-02-07 22:00:00
389,757,41,76,2024-02-07 23:00:00
386,613,31,60,2024-02-08 00:00:00
466,751,36,72,2024-02-08 01:00:00
387,560,41,79,2024-02-08 02:00:00
436,852,55,61,2024-02-08 03:00:00
493,806,36,109,2024-02-08 04:00:00
504,849,58,100,2024-02-08 05:00:00
496,880,55,112,2024-02-08 06:00:00
1473,1763,97,110,2024-02-08 07:00:00
1773,2306,90,88,2024-02-08 08:00:00
1362,2103,84,112,2024-02-08 09:00:00
682,755,74,132,2024-02-08 10:00:00
613,912,75,133,2024-02-08 11:00:00
814,1074,79,122,2024-02-08 12:00:00
528,1147,68,171,2024-02-08 13:00:00
613,1061,61,126,2024-02-08 14:00:00
680,1218,49,142,2024-02-08 15:00:00
754,691,69,88,2024-02-08 16:00:00
1417,1871,91,108,2024-02-08 17:00:00
1217,1236,68,98,2024-02-08 18:00:00
1570,1746,68,80,2024-02-08 19:00:00
353,712,42,87,2024-02-08 20:00:00
280,712,33,89,2024-02-08 21:00:00
419,547,34,106,2024-02-08 22:00:00
349,719,31,55,2024-02-08 23:00:00
315,689,35,83,2024-02-09 00:00:00
418,657,34,65,2024-02-09 01:00:00
408,618,30,78,2024-02-09 02:00:00
384,729,55,81,2024-02-09 03:00:00
365,647,54,85,2024-02-09 04:00:00
555,885,43,98,2024-02-09 05:00:00
584,1061,55,88,2024-02-09 06:00:00
1411,2128,91,106,2024-02-09 07:00:00
1952,1743,108,72,2024-02-09 08:00:00
1353,2174,85,111,2024-02-09 09:00:00
517,864,78,127,2024-02-09 10:00:00
615,1192,63,113,2024-02-09 11:00:00
687,1181,55,142,2024-02-09 12:00:00
711,790,76,105,2024-02-09 13:00:00
646,885,80,135,2024-02-09 14:00:00
679,988,89,101,2024-02-09 15:00:00
497,934,50,131,2024-02-09 16:00:00
1743,1501,95,79,2024-02-09 17:00:00
1313,1801,75,79,2024-02-09 18:00:00
1432,1629,82,82,2024-02-09 19:00:00
475,702,35,80,2024-02-09 20:00:00
448,594,34,83,2024-02-09 21:00:00
427,729,35,61,2024-02-09 22:00:00
403,754,38,83,2024-02-09 23:00:00
245,332,20,57,2024-02-10 00:00:00
272,330,25,64,2024-02-10 01:00:00
243,406,27,48,2024-02-10 02:00:00
278,381,27,56,2024-02-10 03:00:00
268,425,34,40,2024-02-10 04:00:00
358,524,31,72,2024-02-10 05:00:00
287,365,26,71,2024-02-10 06:00:00
1093,1319,62,51,2024-02-10 07:00:00
913,1188,50,70,2024-02-10 08:00:00
760,1163,66,60,2024-02-10 09:00:00
410,635,50,75,2024-02-10 10:00:00
370,656,44,88,2024-02-10 11:00:00
468,492,32,70,2024-02-10 12:00:00
372,807,36,95,2024-02-10 13:00:00
376,648,48,68,2024-02-10 14:00:00
277,661,38,65,2024-02-10 15:00:00
342,672,37,63,2024-02-10 16:00:00
548,933,58,61,2024-02-10 17:00:00
609,1095,53,46,2024-02-10 18:00:00
821,905,46,38,2024-02-10 19:00:00
304,490,26,49,2024-02-10 20:00:00
268,274,24,50,2024-02-10 21:00:00
202,373,27,39,2024-02-10 22:00:00
225,330,25,38,2024-02-10 23:00:00
224,381,22,59,2024-02-11 00:00:00
188,389,26,40,2024-02-11 01:00:00
290,339,23,45,2024-02-11 02:00:00
285,360,22,48,2024-02-11 03:00:00
263,428,24,51,2024-02-11 04:00:00
296,409,25,65,2024-02-11 05:00:00
330,576,31,73,2024-02-11 06:00:00
598,1042,61,53,2024-02-11 07:00:00
885,664,49,48,2024-02-11 08:00:00
870,1171,60,74,2024-02-11 09:00:00
342,544,36,79,2024-02-11 10:00:00
395,499,40,104,2024-02-11 11:00:00
528,542,32,55,2024-02-11 12:00:00
452,671,40,85,2024-02-11 13:00:00
368,773,39,104,2024-02-11 14:00:00
421,649,42,73,2024-02-11 15:00:00
445,535,38,71,2024-02-11 16:00:00
981,1178,42,58,2024-02-11 17:00:00
807,953,56,47,2024-02-11 18:00:00
666,846,46,45,2024-02-11 19:00:00
300,360,28,52,2024-02-11 20:00:00
267,297,25,46,2024-02-11 21:00:00
269,357,22,56,2024-02-11 22:00:00
249,372,23,49,2024-02-11 23:00:00
432,589,40,78,2024-02-12 00:00:00
349,569,28,85,2024-02-12 01:00:00
473,542,36,76,2024-02-12 02:00:00
433,734,40,74,2024-02-12 03:00:00
595,582,47,83,2024-02-12 04:00:00
441,879,58,98,2024-02-12 05:00:00
673,726,47,90,2024-02-12 06:00:00
1481,1633,80,85,2024-02-12 07:00:00
1385,1532,85,91,2024-02-12 08:00:00
1500,1915,85,136,2024-02-12 09:00:00
640,1233,64,79,2024-02-12 10:00:00
732,1187,77,134,2024-02-12 11:00:00
748,1273,58,175,2024-02-12 12:00:00
629,1188,73,140,2024-02-12 13:00:00
670,898,50,150,2024-02-12 14:00:00
855,984,59,131,2024-02-12 15:00:00
773,867,58,110,2024-02-12 16:00:00
1532,2208,108,61,2024-02-12 17:00:00
1342,1401,77,88,2024-02-12 18:00:00
1253,1786,49,70,2024-02-12 19:00:00
495,823,32,80,2024-02-12 20:00:00
356,857,42,78,2024-02-12 21:00:00
380,593,43,100,2024-02-12 22:00:00
284,671,40,103,2024-02-12 23:00:00
396,803,38,77,2024-02-13 00:00:00
416,551,45,71,2024-02-13 01:00:00
367,487,36,65,2024-02-13 02:00:00
520,484,48,90,2024-02-13 03:00:00
371,804,34,115,2024-02-13 04:00:00
385,566,43,95,2024-02-13 05:00:00
552,807,39,69,2024-02-13 06:00:00
1666,1964,83,101,2024-02-13 07:00:00
1924,2021,92,113,2024-02-13 08:00:00
1508,2205,99,79,2024-02-13 09:00:00
782,1113,68,138,2024-02-13 10:00:00
685,1314,59,147,2024-02-13 11:00:00
677,953,67,137,2024-02-13 12:00:00
781,991,53,121,2024-02-13 13:00:00
739,952,81,155,2024-02-13 14:00:00
495,1165,62,122,2024-02-13 15:00:00
751,1116,57,96,2024-02-13 16:00:00
1738,1967,107,64,2024-02-13 17:00:00
1211,2013,65,102,2024-02-13 18:00:00
1305,1298,61,86,2024-02-13 19:00:00
488,908,38,92,2024-02-13 20:00:00
437,828,42,79,2024-02-13 21:00:00
363,703,42,73,2024-02-13 22:00:00
341,770,42,64,2024-02-13 23:00:00
373,450,52,70,2024-02-14 00:00:00
447,560,25,52,2024-02-14 01:00:00
428,564,43,70,2024-02-14 02:00:00
398,747,39,80,2024-02-14 03:00:00
507,613,41,99,2024-02-14 04:00:00
283,879,45,98,2024-02-14 05:00:00
627,1032,46,120,2024-02-14 06:00:00
1065,2037,108,111,2024-02-14 07:00:00
1454,2052,104,114,2024-02-14 08:00:00
1349,1768,98,111,2024-02-14 09:00:00
543,941,81,135,2024-02-14 10:00:00
810,1311,53,118,2024-02-14 11:00:00
647,1243,56,155,2024-02-14 12:00:00
726,1098,46,173,2024-02-14 13:00:00
669,1011,60,142,2024-02-14 14:00:00
695,722,66,167,2024-02-14 15:00:00
622,826,62,95,2024-02-14 16:00:00
1164,2374,88,76,2024-02-14 17:00:00
1537,1383,63,97,2024-02-14 18:00:00
1142,1624,83,82,2024-02-14 19:00:00
349,838,47,109,2024-02-14 20:00:00
394,547,47,84,2024-02-14 21:00:00
485,651,28,69,2024-02-14 22:00:00
428,693,40,74,2024-02-14 23:00:00
355,601,31,58,2024-02-15 00:00:00
360,870,36,63,2024-02-15 01:00:00
377,476,43,91,2024-02-15 02:00:00
553,782,43,95,2024-02-15 03:00:00
481,710,40,96,2024-02-15 04:00:00
526,882,49,73,2024-02-15 05:00:00
618,914,41,101,2024-02-15 06:00:00
1495,1644,102,75,2024-02-15 07:00:00
1480,2039,90,116,2024-02-15 08:00:00
1575,1498,114,95,2024-02-15 09:00:00
667,1177,62,113,2024-02-15 10:00:00
687,1155,64,139,2024-02-15 11:00:00
772,1221,62,126,2024-02-15 12:00:00
696,1281,78,169,2024-02-15 13:00:00
749,1139,60,120,2024-02-15 14:00:00
641,1062,71,103,2024-02-15 15:00:00
623,855,58,83,2024-02-15 16:00:00
1010,1650,61,92,2024-02-15 17:00:00
1523,2019,73,78,2024-02-15 18:00:00
1299,1921,61,62,2024-02-15 19:00:00
523,702,46,107,2024-02-15 20:00:00
239,680,35,93,2024-02-15 21:00:00
521,548,45,79,2024-02-15 22:00:00
372,716,38,92,2024-02-15 23:00:00
438,660,37,83,2024-02-16 00:00:00
321,787,42,67,2024-02-16 01:00:00
433,551,45,67,2024-02-16 02:00:00
356,638,42,95,2024-02-16 03:00:00
413,755,40,97,2024-02-16 04:00:00
637,868,36,101,2024-02-16 05:00:00
521,830,48,94,2024-02-16 06:00:00
1492,1607,79,101,2024-02-16 07:00:00
1743,2234,94,87,2024-02-16 08:00:00
1746,2305,92,102,2024-02-16 09:00:00
691,932,75,164,2024-02-16 10:00:00
729,1331,63,125,2024-02-16 11:00:00
948,1311,69,107,2024-02-16 12:00:00
686,1129,81,116,2024-02-16 13:00:00
696,1094,71,155,2024-02-16 14:00:00
752,1126,64,135,2024-02-16 15:00:00
719,859,56,121,2024-02-16 16:00:00
1702,1857,78,85,2024-02-16 17:00:00
1469,1162,70,92,2024-02-16 18:00:00
1024,1791,68,69,2024-02-16 19:00:00
567,558,51,95,2024-02-16 20:00:00
350,828,41,75,2024-02-16 21:00:00
415,604,32,69,2024-02-16 22:00:00
338,590,48,69,2024-02-16 23:00:00
223,327,24,43,2024-02-17 00:00:00
240,350,18,45,2024-02-17 01:00:00
250,463,22,49,2024-02-17 02:00:00
270,254,26,23,2024-02-17 03:00:00
340,522,34,48,2024-02-17 04:00:00
317,499,25,56,2024-02-17 05:00:00
310,422,37,79,2024-02-17 06:00:00
993,931,63,47,2024-02-17 07:00:00
1091,1483,50,61,2024-02-17 08:00:00
796,1072,56,76,2024-02-17 09:00:00
442,537,34,65,2024-02-17 10:00:00
459,778,40,88,2024-02-17 11:00:00
400,704,42,74,2024-02-17 12:00:00
501,571,46,77,2024-02-17 13:00:00
397,670,47,71,2024-02-17 14:00:00
398,529,35,70,2024-02-17 15:00:00
361,690,26,104,2024-02-17 16:00:00
870,1287,52,63,2024-02-17 17:00:00
673,1113,50,60,2024-02-17 18:00:00
582,1002,46,51,2024-02-17 19:00:00
339,554,26,42,2024-02-17 20:00:00
222,406,26,54,2024-02-17 21:00:00
203,314,29,55,2024-02-17 22:00:00
155,391,24,40,2024-02-17 23:00:00
204,474,21,52,2024-02-18 00:00:00
184,311,21,51,2024-02-18 01:00:00
297,361,23,61,2024-02-18 02:00:00
292,432,32,48,2024-02-18 03:00:00
246,435,27,46,2024-02-18 04:00:00
398,406,30,56,2024-02-18 05:00:00
370,603,30,78,2024-02-18 06:00:00
826,1499,61,40,2024-02-18 07:00:00
579,1221,72,41,2024-02-18 08:00:00
1313,1081,63,63,2024-02-18 09:00:00
322,499,41,76,2024-02-18 10:00:00
313,691,42,83,2024-02-18 11:00:00
483,782,27,96,2024-02-18 12:00:00
568,713,46,76,2024-02-18 13:00:00
491,650,41,58,2024-02-18 14:00:00
424,570,42,102,2024-02-18 15:00:00
404,496,33,63,2024-02-18 16:00:00
980,1251,49,47,2024-02-18 17:00:00
898,1173,45,60,2024-02-18 18:00:00
775,731,51,45,2024-02-18 19:00:00
278,543,26,54,2024-02-18 20:00:00
252,441,33,54,2024-02-18 21:00:00
212,462,25,55,2024-02-18 22:00:00
219,293,19,44,2024-02-18 23:00:00
281,479,37,92,2024-02-19 00:00:00
376,598,34,52,2024-02-19 01:00:00
339,685,27,89,2024-02-19 02:00:00
354,861,53,74,2024-02-19 03:00:00
470,809,51,110,2024-02-19 04:00:00
600,765,54,101,2024-02-19 05:00:00
612,728,55,97,2024-02-19 06:00:00
1108,2197,69,102,2024-02-19 07:00:00
1317,1693,86,112,2024-02-19 08:00:00
1860,2596,110,114,2024-02-19 09:00:00
578,1038,57,115,2024-02-19 10:00:00
670,1375,43,129,2024-02-19 11:00:00
757,1233,68,140,2024-02-19 12:00:00
593,1087,68,138,2024-02-19 13:00:00
688,1000,69,151,2024-02-19 14:00:00
522,990,72,91,2024-02-19 15:00:00
563,1053,68,130,2024-02-19 16:00:00
1519,1876,90,89,2024-02-19 17:00:00
1023,1568,95,75,2024-02-19 18:00:00
1322,1548,57,71,2024-02-19 19:00:00
456,740,49,89,2024-02-19 20:00:00
459,462,46,39,2024-02-19 21:00:00
412,681,32,71,2024-02-19 22:00:00
460,521,30,66,2024-02-19 23:00:00
384,499,33,81,2024-02-20 00:00:00
358,457,34,67,2024-02-20 01:00:00
406,466,44,77,2024-02-20 02:00:00
459,541,39,104,2024-02-20 03:00:00
461,654,40,105,2024-02-20 04:00:00
500,1027,45,113,2024-02-20 05:00:00
482,794,63,100,2024-02-20 06:00:00
1306,1906,87,100,2024-02-20 07:00:00
1222,2101,90,96,2024-02-20 08:00:00
2060,2130,96,101,2024-02-20 09:00:00
552,1073,81,144,2024-02-20 10:00:00
622,912,62,126,2024-02-20 11:00:00
625,1364,84,171,2024-02-20 12:00:00
788,1412,72,136,2024-02-20 13:00:00
648,811,66,148,2024-02-20 14:00:00
775,884,90,159,2024-02-20 15:00:00
557,949,52,143,2024-02-20 16:00:00
1511,1588,82,73,2024-02-20 17:00:00
1177,1854,66,92,2024-02-20 18:00:00
1641,1416,85,90,2024-02-20 19:00:00
376,970,57,104,2024-02-20 20:00:00
444,800,53,71,2024-02-20 21:00:00
436,658,47,72,2024-02-20 22:00:00
406,706,37,88,2024-02-20 23:00:00
367,704,36,67,2024-02-21 00:00:00
375,561,29,73,2024-02-21 01:00:00
402,560,52,99,2024-02-21 02:00:00
415,687,45,84,2024-02-21 03:00:00
524,828,42,82,2024-02-21 04:00:00
662,812,60,86,2024-02-21 05:00:00
494,658,46,113,2024-02-21 06:00:00
1154,1635,92,74,2024-02-21 07:00:00
1529,1962,91,95,2024-02-21 08:00:00
2265,2067,107,110,2024-02-21 09:00:00
597,1408,67,162,2024-02-21 10:00:00
866,881,54,153,2024-02-21 11:00:00
877,1206,71,125,2024-02-21 12:00:00
637,1361,80,164,2024-02-21 13:00:00
737,1457,68,130,2024-02-21 14:00:00
813,982,73,106,2024-02-21 15:00:00
585,1065,52,121,2024-02-21 16:00:00
1408,2018,87,113,2024-02-21 17:00:00
1230,1775,73,88,2024-02-21 18:00:00
1054,1567,83,80,2024-02-21 19:00:00
414,781,46,114,2024-02-21 20:00:00
347,421,47,67,2024-02-21 21:00:00
401,704,46,64,2024-02-21 22:00:00
339,624,42,58,2024-02-21 23:00:00
391,584,39,80,2024-02-22 00:00:00
294,801,33,79,2024-02-22 01:00:00
419,574,40,98,2024-02-22 02:00:00
478,639,39,88,2024-02-22 03:00:00
321,953,43,86,2024-02-22 04:00:00
526,697,47,100,2024-02-22 05:00:00
639,792,46,110,2024-02-22 06:00:00
1190,1820,62,70,2024-02-22 07:00:00
1940,2236,84,140,2024-02-22 08:00:00
1738,2158,101,113,2024-02-22 09:00:00
608,877,54,140,2024-02-22 10:00:00
690,1025,70,152,2024-02-22 11:00:00
760,1020,90,155,2024-02-22 12:00:00
704,1101,80,136,2024-02-22 13:00:00
735,1157,85,123,2024-02-22 14:00:00
564,1112,69,143,2024-02-22 15:00:00
636,728,73,131,2024-02-22 16:00:00
1145,2158,78,82,2024-02-22 17:00:00
1326,1792,73,105,2024-02-22 18:00:00
1075,1923,44,83,2024-02-22 19:00:00
408,783,54,102,2024-02-22 20:00:00
504,793,52,103,2024-02-22 21:00:00
465,684,37,80,2024-02-22 22:00:00
418,737,37,80,2024-02-22 23:00:00
316,652,34,85,2024-02-23 00:00:00
365,605,41,68,2024-02-23 01:00:00
472,858,47,81,2024-02-23 02:00:00
435,772,31,87,2024-02-23 03:00:00
619,798,49,79,2024-02-23 04:00:00
528,644,48,134,2024-02-23 05:00:00
556,697,55,85,2024-02-23 06:00:00
1388,1944,93,75,2024-02-23 07:00:00
1584,2031,91,119,2024-02-23 08:00:00
1599,1902,97,116,2024-02-23 09:00:00
753,1112,66,115,2024-02-23 10:00:00
797,1380,80,152,2024-02-23 11:00:00
619,1241,75,171,2024-02-23 12:00:00
557,924,72,139,2024-02-23 13:00:00
493,1070,55,189,2024-02-23 14:00:00
705,921,62,97,2024-02-23 15:00:00
518,936,70,137,2024-02-23 16:00:00
985,1747,88,109,2024-02-23 17:00:00
1429,1604,89,98,2024-02-23 18:00:00
1711,1294,95,77,2024-02-23 19:00:00
459,720,53,88,2024-02-23 20:00:00
479,624,43,91,2024-02-23 21:00:00
405,359,37,90,2024-02-23 22:00:00
378,803,24,84,2024-02-23 23:00:00
258,423,22,52,2024-02-24 00:00:00
220,348,22,39,2024-02-24 01:00:00
250,385,25,46,2024-02-24 02:00:00
268,337,25,44,2024-02-24 03:00:00
248,553,26,52,2024-02-24 04:00:00
344,615,22,69,2024-02-24 05:00:00
316,531,28,66,2024-02-24 06:00:00
775,1290,56,78,2024-02-24 07:00:00
1008,1225,70,61,2024-02-24 08:00:00
850,1006,58,63,2024-02-24 09:00:00
410,613,43,83,2024-02-24 10:00:00
418,683,48,76,2024-02-24 11:00:00
490,629,37,84,2024-02-24 12:00:00
448,647,44,98,2024-02-24 13:00:00
407,645,36,83,2024-02-24 14:00:00
441,621,44,69,2024-02-24 15:00:00
451,601,38,64,2024-02-24 16:00:00
947,941,55,52,2024-02-24 17:00:00
812,926,43,52,2024-02-24 18:00:00
601,773,50,56,2024-02-24 19:00:00
232,506,36,44,2024-02-24 20:00:00
244,280,22,49,2024-02-24 21:00:00
218,451,23,49,2024-02-24 22:00:00
224,445,24,33,2024-02-24 23:00:00
229,347,25,40,2024-02-25 00:00:00
249,225,21,41,2024-02-25 01:00:00
238,364,14,42,2024-02-25 02:00:00
274,405,31,53,2024-02-25 03:00:00
279,375,31,54,2024-02-25 04:00:00
211,442,22,55,2024-02-25 05:00:00
279,639,30,69,2024-02-25 06:00:00
856,1231,65,70,2024-02-25 07:00:00
764,1029,68,74,2024-02-25 08:00:00
1072,957,67,45,2024-02-25 09:00:00
503,622,40,89,2024-02-25 10:00:00
495,648,42,82,2024-02-25 11:00:00
409,726,41,86,2024-02-25 12:00:00
512,616,49,79,2024-02-25 13:00:00
418,705,36,83,2024-02-25 14:00:00
374,812,35,80,2024-02-25 15:00:00
339,670,43,68,2024-02-25 16:00:00
835,1111,52,48,2024-02-25 17:00:00
764,1010,59,48,2024-02-25 18:00:00
768,907,40,50,2024-02-25 19:00:00
283,520,27,60,2024-02-25 20:00:00
256,371,22,58,2024-02-25 21:00:00
256,387,24,44,2024-02-25 22:00:00
272,372,18,48,2024-02-25 23:00:00
433,561,35,87,2024-02-26 00:00:00
299,489,30,90,2024-02-26 01:00:00
247,672,44,79,2024-02-26 02:00:00
486,676,47,83,2024-02-26 03:00:00
366,792,34,95,2024-02-26 04:00:00
483,735,60,83,2024-02-26 05:00:00
447,1025,74,105,2024-02-26 06:00:00
1065,1622,88,104,2024-02-26 07:00:00
1683,2505,84,109,2024-02-26 08:00:00
1828,1550,140,101,2024-02-26 09:00:00
623,1163,55,141,2024-02-26 10:00:00
427,1197,70,122,2024-02-26 11:00:00
646,992,72,156,2024-02-26 12:00:00
740,1189,84,138,2024-02-26 13:00:00
531,1301,72,131,2024-02-26 14:00:00
674,701,61,124,2024-02-26 15:00:00
621,1072,53,123,2024-02-26 16:00:00
1586,1169,83,87,2024-02-26 17:00:00
1378,1482,69,95,2024-02-26 18:00:00
1067,1989,75,75,2024-02-26 19:00:00
543,672,42,114,2024-02-26 20:00:00
417,562,33,104,2024-02-26 21:00:00
399,622,48,69,2024-02-26 22:00:00
331,806,36,78,2024-02-26 23:00:00
354,440,31,68,2024-02-27 00:00:00
334,519,38,73,2024-02-27 01:00:00
391,786,41,104,2024-02-27 02:00:00
537,874,32,81,2024-02-27 03:00:00
366,726,48,97,2024-02-27 04:00:00
379,651,42,108,2024-02-27 05:00:00
662,1140,68,92,2024-02-27 06:00:00
1414,2316,95,81,2024-02-27 07:00:00
1402,2198,88,82,2024-02-27 08:00:00
1899,1846,88,91,2024-02-27 09:00:00
621,1085,67,78,2024-02-27 10:00:00
891,1092,76,151,2024-02-27 11:00:00
776,1183,70,184,2024-02-27 12:00:00
648,1362,68,143,2024-02-27 13:00:00
904,1237,69,108,2024-02-27 14:00:00
597,881,60,119,2024-02-27 15:00:00
693,1203,59,116,2024-02-27 16:00:00
1526,1957,60,79,2024-02-27 17:00:00
1620,1913,93,98,2024-02-27 18:00:00
1543,1952,78,90,2024-02-27 19:00:00
463,614,41,76,2024-02-27 20:00:00
379,680,55,95,2024-02-27 21:00:00
429,591,41,99,2024-02-27 22:00:00
346,471,33,99,2024-02-27 23:00:00
494,639,43,109,2024-02-28 00:00:00
393,849,41,67,2024-02-28 01:00:00
380,465,43,114,2024-02-28 02:00:00
439,681,40,81,2024-02-28 03:00:00
368,809,49,84,2024-02-28 04:00:00
427,815,48,105,2024-02-28 05:00:00
640,853,59,99,2024-02-28 06:00:00
1318,1506,63,99,2024-02-28 07:00:00
1315,2066,87,80,2024-02-28 08:00:00
1776,1865,124,101,2024-02-28 09:00:00
805,734,60,163,2024-02-28 10:00:00
775,1320,64,139,2024-02-28 11:00:00
811,1291,66,144,2024-02-28 12:00:00
620,1128,57,150,2024-02-28 13:00:00
538,1131,46,161,2024-02-28 14:00:00
806,1222,63,99,2024-02-28 15:00:00
594,1032,64,136,2024-02-28 16:00:00
1407,2124,87,90,2024-02-28 17:00:00
1626,1659,80,89,2024-02-28 18:00:00
1355,1916,76,93,2024-02-28 19:00:00
493,773,53,76,2024-02-28 20:00:00
566,704,42,72,2024-02-28 21:00:00
363,520,37,57,2024-02-28 22:00:00
439,643,37,71,2024-02-28 23:00:00
383,532,41,91,2024-02-29 00:00:00
401,558,47,76,2024-02-29 01:00:00
494,564,36,64,2024-02-29 02:00:00
460,575,43,79,2024-02-29 03:00:00
499,974,48,72,2024-02-29 04:00:00
581,961,43,83,2024-02-29 05:00:00
513,1119,54,115,2024-02-29 06:00:00
1279,1529,68,77,2024-02-29 07:00:00
1316,2019,69,117,2024-02-29 08:00:00
1160,1697,104,104,2024-02-29 09:00:00
895,980,64,139,2024-02-29 10:00:00
584,966,72,134,2024-02-29 11:00:00
682,1339,70,158,2024-02-29 12:00:00
671,1054,60,157,2024-02-29 13:00:00
716,1270,68,144,2024-02-29 14:00:00
739,1148,54,143,2024-02-29 15:00:00
705,1344,75,121,2024-02-29 16:00:00
1335,1457,70,101,2024-02-29 17:00:00
1323,2066,79,82,2024-02-29 18:00:00
1305,1878,63,80,2024-02-29 19:00:00
444,631,50,88,2024-02-29 20:00:00
531,788,41,80,2024-02-29 21:00:00
431,675,37,72,2024-02-29 22:00:00
428,596,43,83,2024-02-29 23:00:00
418,533,38,91,2024-03-01 00:00:00
454,551,42,91,2024-03-01 01:00:00
413,841,34,65,2024-03-01 02:00:00
345,685,34,102,2024-03-01 03:00:00
490,826,47,88,2024-03-01 04:00:00
452,707,48,109,2024-03-01 05:00:00
500,768,59,94,2024-03-01 06:00:00
1593,2178,87,96,2024-03-01 07:00:00
1852,1595,97,105,2024-03-01 08:00:00
1652,1976,75,82,2024-03-01 09:00:00
716,1101,88,149,2024-03-01 10:00:00
880,1140,68,168,2024-03-01 11:00:00
732,1100,78,138,2024-03-01 12:00:00
974,1188,61,169,2024-03-01 13:00:00
743,1209,72,133,2024-03-01 14:00:00
485,1170,53,149,2024-03-01 15:00:00
695,852,67,83,2024-03-01 16:00:00
1548,1794,83,128,2024-03-01 17:00:00
1621,2050,82,106,2024-03-01 18:00:00
1379,1819,83,77,2024-03-01 19:00:00
452,587,38,65,2024-03-01 20:00:00
349,721,38,89,2024-03-01 21:00:00
390,453,43,63,2024-03-01 22:00:00
337,622,51,82,2024-03-01 23:00:00
209,469,22,48,2024-03-02 00:00:00
252,318,25,40,2024-03-02 01:00:00
302,338,24,56,2024-03-02 02:00:00
272,458,33,58,2024-03-02 03:00:00
228,341,20,64,2024-03-02 04:00:00
321,436,31,60,2024-03-02 05:00:00
385,569,25,51,2024-03-02 06:00:00
799,1018,33,65,2024-03-02 07:00:00
919,1158,59,58,2024-03-02 08:00:00
991,1407,61,50,2024-03-02 09:00:00
363,699,39,99,2024-03-02 10:00:00
462,700,41,111,2024-03-02 11:00:00
416,644,62,84,2024-03-02 12:00:00
447,711,40,111,2024-03-02 13:00:00
356,645,44,83,2024-03-02 14:00:00
370,676,36,75,2024-03-02 15:00:00
416,556,39,68,2024-03-02 16:00:00
830,1094,51,70,2024-03-02 17:00:00
1027,889,46,46,2024-03-02 18:00:00
707,958,57,53,2024-03-02 19:00:00
287,390,33,51,2024-03-02 20:00:00
293,343,26,48,2024-03-02 21:00:00
190,401,16,56,2024-03-02 22:00:00
171,383,22,44,2024-03-02 23:00:00
176,409,32,43,2024-03-03 00:00:00
276,347,22,54,2024-03-03 01:00:00
222,410,28,60,2024-03-03 02:00:00
356,446,31,56,2024-03-03 03:00:00
254,474,29,50,2024-03-03 04:00:00
310,422,26,56,2024-03-03 05:00:00
402,534,21,66,2024-03-03 06:00:00
1144,1188,58,59,2024-03-03 07:00:00
1229,1203,49,51,2024-03-03 08:00:00
1169,870,61,70,2024-03-03 09:00:00
475,674,33,83,2024-03-03 10:00:00
459,897,40,63,2024-03-03 11:00:00
474,642,43,73,2024-03-03 12:00:00
386,600,44,78,2024-03-03 13:00:00
361,695,34,81,2024-03-03 14:00:00
396,663,47,102,2024-03-03 15:00:00
366,708,34,78,2024-03-03 16:00:00
820,914,40,49,2024-03-03 17:00:00
902,1160,48,54,2024-03-03 18:00:00
861,1049,45,46,2024-03-03 19:00:00
281,435,28,58,2024-03-03 20:00:00
314,433,31,56,2024-03-03 21:00:00
200,446,23,57,2024-03-03 22:00:00
225,420,23,46,2024-03-03 23:00:00
340,505,32,95,2024-03-04 00:00:00
278,695,43,88,2024-03-04 01:00:00
398,639,41,72,2024-03-04 02:00:00
421,694,40,114,2024-03-04 03:00:00
568,749,33,97,2024-03-04 04:00:00
550,786,61,88,2024-03-04 05:00:00
461,1027,44,136,2024-03-04 06:00:00
1875,1854,80,123,2024-03-04 07:00:00
1852,1668,99,100,2024-03-04 08:00:00
1794,1988,81,98,2024-03-04 09:00:00
663,1127,53,134,2024-03-04 10:00:00
601,1331,48,156,2024-03-04 11:00:00
668,1235,78,169,2024-03-04 12:00:00
817,980,64,153,2024-03-04 13:00:00
880,1507,99,139,2024-03-04 14:00:00
813,1098,56,162,2024-03-04 15:00:00
580,1194,54,119,2024-03-04 16:00:00
1221,1835,81,108,2024-03-04 17:00:00
1390,1882,85,83,2024-03-04 18:00:00
923,1810,70,86,2024-03-04 19:00:00
485,876,51,91,2024-03-04 20:00:00
420,795,37,85,2024-03-04 21:00:00
375,729,32,76,2024-03-04 22:00:00
294,590,28,93,2024-03-04 23:00:00
411,558,25,68,2024-03-05 00:00:00
356,650,36,69,2024-03-05 01:00:00
333,736,39,106,2024-03-05 02:00:00
244,664,39,98,2024-03-05 03:00:00
461,860,55,60,2024-03-05 04:00:00
636,980,60,92,2024-03-05 05:00:00
681,752,52,79,2024-03-05 06:00:00
1368,1643,64,81,2024-03-05 07:00:00
1425,1963,86,53,2024-03-05 08:00:00
1768,2211,90,104,2024-03-05 09:00:00
584,1012,62,114,2024-03-05 10:00:00
735,1353,63,142,2024-03-05 11:00:00
790,1206,64,107,2024-03-05 12:00:00
832,1131,66,142,2024-03-05 13:00:00
676,862,62,129,2024-03-05 14:00:00
640,848,68,162,2024-03-05 15:00:00
544,1045,66,152,2024-03-05 16:00:00
1286,1278,76,105,2024-03-05 17:00:00
1316,2009,97,83,2024-03-05 18:00:00
1326,1570,64,104,2024-03-05 19:00:00
527,1102,35,71,2024-03-05 20:00:00
378,925,45,68,2024-03-05 21:00:00
494,628,35,80,2024-03-05 22:00:00
371,609,41,104,2024-03-05 23:00:00
381,702,24,74,2024-03-06 00:00:00
344,778,47,75,2024-03-06 01:00:00
257,487,44,63,2024-03-06 02:00:00
487,503,33,98,2024-03-06 03:00:00
515,672,36,106,2024-03-06 04:00:00
482,875,63,113,2024-03-06 05:00:00
551,938,49,99,2024-03-06 06:00:00
1583,2182,77,84,2024-03-06 07:00:00
1200,1646,62,81,2024-03-06 08:00:00
1521,1380,94,107,2024-03-06 09:00:00
769,1241,66,115,2024-03-06 10:00:00
571,986,78,116,2024-03-06 11:00:00
740,791,56,133,2024-03-06 12:00:00
560,1150,54,130,2024-03-06 13:00:00
735,1230,73,126,2024-03-06 14:00:00
658,1038,76,141,2024-03-06 15:00:00
475,935,48,127,2024-03-06 16:00:00
1726,1836,102,90,2024-03-06 17:00:00
1213,1648,82,90,2024-03-06 18:00:00
1105,1284,88,69,2024-03-06 19:00:00
477,662,46,94,2024-03-06 20:00:00
504,741,27,88,2024-03-06 21:00:00
342,677,39,63,2024-03-06 22:00:00
391,635,45,89,2024-03-06 23:00:00
407,520,33,66,2024-03-07 00:00:00
428,603,37,79,2024-03-07 01:00:00
415,435,39,95,2024-03-07 02:00:00
406,706,24,98,2024-03-07 03:00:00
406,901,58,93,2024-03-07 04:00:00
510,627,44,95,2024-03-07 05:00:00
458,796,59,125,2024-03-07 06:00:00
826,1975,87,104,2024-03-07 07:00:00
1672,2386,112,91,2024-03-07 08:00:00
1878,1974,105,93,2024-03-07 09:00:00
444,986,66,95,2024-03-07 10:00:00
597,794,61,144,2024-03-07 11:00:00
775,1153,79,140,2024-03-07 12:00:00
921,1471,51,165,2024-03-07 13:00:00
690,1146,75,145,2024-03-07 14:00:00
589,1055,55,159,2024-03-07 15:00:00
610,1053,75,112,2024-03-07 16:00:00
1773,1879,90,110,2024-03-07 17:00:00
1232,1533,90,80,2024-03-07 18:00:00
1107,1810,76,90,2024-03-07 19:00:00
430,767,34,72,2024-03-07 20:00:00
368,690,37,89,2024-03-07 21:00:00
411,552,44,57,2024-03-07 22:00:00
482,741,40,74,2024-03-07 23:00:00
401,673,45,81,2024-03-08 00:00:00
373,569,41,72,2024-03-08 01:00:00
386,744,35,68,2024-03-08 02:00:00
329,637,38,97,2024-03-08 03:00:00
526,656,47,91,2024-03-08 04:00:00
498,714,33,93,2024-03-08 05:00:00
531,642,68,110,2024-03-08 06:00:00
2176,2016,94,131,2024-03-08 07:00:00
1640,1458,112,118,2024-03-08 08:00:00
1468,1728,76,124,2024-03-08 09:00:00
644,758,82,147,2024-03-08 10:00:00
826,1112,94,144,2024-03-08 11:00:00
722,1110,57,91,2024-03-08 12:00:00
552,1072,79,127,2024-03-08 13:00:00
783,929,69,128,2024-03-08 14:00:00
596,873,51,95,2024-03-08 15:00:00
804,1075,67,104,2024-03-08 16:00:00
1709,1728,99,66,2024-03-08 17:00:00
1274,1830,75,87,2024-03-08 18:00:00
1501,1398,89,90,2024-03-08 19:00:00
469,763,35,108,2024-03-08 20:00:00
485,823,33,91,2024-03-08 21:00:00
434,704,41,69,2024-03-08 22:00:00
339,582,39,55,2024-03-08 23:00:00
207,381,20,34,2024-03-09 00:00:00
269,359,26,38,2024-03-09 01:00:00
230,389,26,42,2024-03-09 02:00:00
243,393,29,50,2024-03-09 03:00:00
239,435,27,47,2024-03-09 04:00:00
322,499,33,64,2024-03-09 05:00:00
429,446,31,63,2024-03-09 06:00:00
742,958,69,57,2024-03-09 07:00:00
946,955,50,71,2024-03-09 08:00:00
1204,966,78,52,2024-03-09 09:00:00
408,540,42,88,2024-03-09 10:00:00
452,693,34,84,2024-03-09 11:00:00
358,591,51,81,2024-03-09 12:00:00
450,729,43,96,2024-03-09 13:00:00
401,664,47,93,2024-03-09 14:00:00
456,448,47,68,2024-03-09 15:00:00
444,662,40,73,2024-03-09 16:00:00
1226,1268,48,59,2024-03-09 17:00:00
891,893,56,50,2024-03-09 18:00:00
793,1029,45,53,2024-03-09 19:00:00
287,389,31,58,2024-03-09 20:00:00
245,419,17,66,2024-03-09 21:00:00
255,315,26,37,2024-03-09 22:00:00
223,272,21,46,2024-03-09 23:00:00
235,346,29,40,2024-03-10 00:00:00
279,366,25,51,2024-03-10 01:00:00
206,365,25,37,2024-03-10 02:00:00
303,340,28,54,2024-03-10 03:00:00
334,419,24,50,2024-03-10 04:00:00
297,504,38,54,2024-03-10 05:00:00
224,521,43,51,2024-03-10 06:00:00
803,1162,56,53,2024-03-10 07:00:00
1127,1086,70,70,2024-03-10 08:00:00
991,1496,55,63,2024-03-10 09:00:00
351,545,36,90,2024-03-10 10:00:00
391,726,43,106,2024-03-10 11:00:00
480,803,45,89,2024-03-10 12:00:00
458,726,40,78,2024-03-10 13:00:00
398,641,45,88,2024-03-10 14:00:00
376,586,42,73,2024-03-10 15:00:00
355,697,32,70,2024-03-10 16:00:00
761,890,57,44,2024-03-10 17:00:00
1019,897,56,60,2024-03-10 18:00:00
720,910,47,46,2024-03-10 19:00:00
330,529,33,57,2024-03-10 20:00:00
317,437,21,44,2024-03-10 21:00:00
279,332,26,52,2024-03-10 22:00:00
218,355,19,41,2024-03-10 23:00:00
406,556,32,75,2024-03-11 00:00:00
387,555,35,88,2024-03-11 01:00:00
350,743,35,91,2024-03-11 02:00:00
452,548,40,86,2024-03-11 03:00:00
383,923,45,68,2024-03-11 04:00:00
594,908,57,146,2024-03-11 05:00:00
509,1018,52,138,2024-03-11 06:00:00
1518,1755,67,105,2024-03-11 07:00:00
1639,1968,110,89,2024-03-11 08:00:00
1593,1666,87,104,2024-03-11 09:00:00
750,1016,68,127,2024-03-11 10:00:00
655,1212,75,168,2024-03-11 11:00:00
804,1359,73,148,2024-03-11 12:00:00
563,941,82,125,2024-03-11 13:00:00
702,1042,74,128,2024-03-11 14:00:00
856,1037,58,155,2024-03-11 15:00:00
535,796,83,156,2024-03-11 16:00:00
1324,2054,91,116,2024-03-11 17:00:00
1473,1560,80,97,2024-03-11 18:00:00
1295,1567,87,78,2024-03-11 19:00:00
489,693,48,48,2024-03-11 20:00:00
463,608,46,90,2024-03-11 21:00:00
443,647,56,81,2024-03-11 22:00:00
453,601,37,79,2024-03-11 23:00:00
407,579,36,77,2024-03-12 00:00:00
375,554,40,62,2024-03-12 01:00:00
446,679,47,88,2024-03-12 02:00:00
554,861,33,94,2024-03-12 03:00:00
456,760,33,103,2024-03-12 04:00:00
431,928,46,115,2024-03-12 05:00:00
638,693,41,119,2024-03-12 06:00:00
1448,1932,83,89,2024-03-12 07:00:00
1061,1682,102,100,2024-03-12 08:00:00
1869,1653,86,108,2024-03-12 09:00:00
634,981,54,140,2024-03-12 10:00:00
696,1331,71,162,2024-03-12 11:00:00
747,1301,80,156,2024-03-12 12:00:00
726,1171,53,185,2024-03-12 13:00:00
763,850,77,184,2024-03-12 14:00:00
620,1030,74,134,2024-03-12 15:00:00
678,1053,72,53,2024-03-12 16:00:00
1417,1937,105,112,2024-03-12 17:00:00
1520,1267,109,80,2024-03-12 18:00:00
1378,1400,72,71,2024-03-12 19:00:00
400,737,47,87,2024-03-12 20:00:00
501,745,40,80,2024-03-12 21:00:00
373,435,41,88,2024-03-12 22:00:00
436,607,48,60,2024-03-12 23:00:00
404,626,31,64,2024-03-13 00:00:00
496,702,34,82,2024-03-13 01:00:00
392,716,49,89,2024-03-13 02:00:00
409,751,50,95,2024-03-13 03:00:00
464,655,44,82,2024-03-13 04:00:00
482,577,57,86,2024-03-13 05:00:00
613,824,58,101,2024-03-13 06:00:00
1118,2172,108,98,2024-03-13 07:00:00
1325,2436,96,123,2024-03-13 08:00:00
1394,2350,115,74,2024-03-13 09:00:00
788,1175,96,133,2024-03-13 10:00:00
887,1194,77,113,2024-03-13 11:00:00
701,1044,72,107,2024-03-13 12:00:00
688,1108,78,162,2024-03-13 13:00:00
697,1380,65,149,2024-03-13 14:00:00
779,912,90,142,2024-03-13 15:00:00
542,1252,65,143,2024-03-13 16:00:00
1528,1797,85,88,2024-03-13 17:00:00
1569,2101,72,82,2024-03-13 18:00:00
1357,1275,88,107,2024-03-13 19:00:00
479,810,53,90,2024-03-13 20:00:00
496,614,40,96,2024-03-13 21:00:00
241,511,44,81,2024-03-13 22:00:00
428,643,30,56,2024-03-13 23:00:00
346,706,39,53,2024-03-14 00:00:00
282,544,42,71,2024-03-14 01:00:00
437,503,51,94,2024-03-14 02:00:00
521,681,38,97,2024-03-14 03:00:00
456,735,38,106,2024-03-14 04:00:00
577,875,44,86,2024-03-14 05:00:00
680,1001,44,136,2024-03-14 06:00:00
1767,1872,106,81,2024-03-14 07:00:00
1962,2577,116,104,2024-03-14 08:00:00
1845,2196,104,106,2024-03-14 09:00:00
698,1047,82,134,2024-03-14 10:00:00
537,857,72,170,2024-03-14 11:00:00
686,1095,70,127,2024-03-14 12:00:00
617,1073,67,113,2024-03-14 13:00:00
915,1263,66,138,2024-03-14 14:00:00
647,1136,51,125,2024-03-14 15:00:00
642,830,65,190,2024-03-14 16:00:00
1598,1938,88,104,2024-03-14 17:00:00
1378,1930,91,82,2024-03-14 18:00:00
1584,1987,77,68,2024-03-14 19:00:00
422,844,45,67,2024-03-14 20:00:00
444,769,38,73,2024-03-14 21:00:00
360,655,41,82,2024-03-14 22:00:00
312,659,43,94,2024-03-14 23:00:00
348,729,32,90,2024-03-15 00:00:00
387,498,39,81,2024-03-15 01:00:00
380,615,42,77,2024-03-15 02:00:00
387,611,39,90,2024-03-15 03:00:00
368,788,42,86,2024-03-15 04:00:00
499,958,52,127,2024-03-15 05:00:00
424,798,45,107,2024-03-15 06:00:00
1645,1212,93,93,2024-03-15 07:00:00
1595,1892,82,67,2024-03-15 08:00:00
1298,2417,116,103,2024-03-15 09:00:00
658,1194,93,155,2024-03-15 10:00:00
627,1204,62,119,2024-03-15 11:00:00
747,1092,77,126,2024-03-15 12:00:00
849,914,63,158,2024-03-15 13:00:00
496,1190,80,108,2024-03-15 14:00:00
676,930,54,154,2024-03-15 15:00:00
615,1339,68,116,2024-03-15 16:00:00
1625,2052,77,89,2024-03-15 17:00:00
1414,1601,80,73,2024-03-15 18:00:00
1121,1469,64,85,2024-03-15 19:00:00
444,735,52,128,2024-03-15 20:00:00
380,666,38,96,2024-03-15 21:00:00
471,758,44,71,2024-03-15 22:00:00
390,640,37,91,2024-03-15 23:00:00
296,328,23,44,2024-03-16 00:00:00
232,480,24,56,2024-03-16 01:00:00
218,392,22,55,2024-03-16 02:00:00
200,463,27,29,2024-03-16 03:00:00
204,407,34,48,2024-03-16 04:00:00
231,512,27,69,2024-03-16 05:00:00
342,551,39,67,2024-03-16 06:00:00
954,813,65,48,2024-03-16 07:00:00
721,1577,50,55,2024-03-16 08:00:00
1131,1523,47,46,2024-03-16 09:00:00
384,624,43,82,2024-03-16 10:00:00
434,567,39,113,2024-03-16 11:00:00
531,720,55,96,2024-03-16 12:00:00
481,688,43,113,2024-03-16 13:00:00
398,698,36,94,2024-03-16 14:00:00
345,656,33,92,2024-03-16 15:00:00
256,651,44,98,2024-03-16 16:00:00
791,1381,49,60,2024-03-16 17:00:00
796,1142,50,51,2024-03-16 18:00:00
646,818,52,56,2024-03-16 19:00:00
274,539,26,68,2024-03-16 20:00:00
262,517,26,48,2024-03-16 21:00:00
235,574,24,43,2024-03-16 22:00:00
211,311,26,48,2024-03-16 23:00:00
236,382,25,52,2024-03-17 00:00:00
249,257,23,52,2024-03-17 01:00:00
204,422,25,38,2024-03-17 02:00:00
314,381,24,67,2024-03-17 03:00:00
276,577,22,51,2024-03-17 04:00:00
304,429,32,58,2024-03-17 05:00:00
364,393,42,57,2024-03-17 06:00:00
918,1055,46,80,2024-03-17 07:00:00
1081,852,50,63,2024-03-17 08:00:00
1040,1420,52,56,2024-03-17 09:00:00
377,458,46,94,2024-03-17 10:00:00
447,682,45,95,2024-03-17 11:00:00
354,471,42,83,2024-03-17 12:00:00
431,647,37,96,2024-03-17 13:00:00
413,827,42,73,2024-03-17 14:00:00
386,673,31,74,2024-03-17 15:00:00
371,527,39,53,2024-03-17 16:00:00
636,1130,60,45,2024-03-17 17:00:00
755,1056,40,67,2024-03-17 18:00:00
769,1040,35,61,2024-03-17 19:00:00
286,356,35,56,2024-03-17 20:00:00
219,452,24,65,2024-03-17 21:00:00
290,232,29,48,2024-03-17 22:00:00
203,339,23,45,2024-03-17 23:00:00
440,570,37,77,2024-03-18 00:00:00
415,683,42,76,2024-03-18 01:00:00
367,652,35,79,2024-03-18 02:00:00
547,546,44,101,2024-03-18 03:00:00
383,636,44,95,2024-03-18 04:00:00
576,834,41,112,2024-03-18 05:00:00
631,868,58,127,2024-03-18 06:00:00
1330,1728,85,100,2024-03-18 07:00:00
1907,1874,92,86,2024-03-18 08:00:00
1600,2351,82,85,2024-03-18 09:00:00
721,1020,86,141,2024-03-18 10:00:00
735,1117,80,138,2024-03-18 11:00:00
699,1513,82,145,2024-03-18 12:00:00
794,891,68,141,2024-03-18 13:00:00
774,799,51,192,2024-03-18 14:00:00
491,1189,86,106,2024-03-18 15:00:00
754,907,63,89,2024-03-18 16:00:00
1110,1802,79,99,2024-03-18 17:00:00
1584,1550,87,83,2024-03-18 18:00:00
1479,1556,89,85,2024-03-18 19:00:00
390,925,46,101,2024-03-18 20:00:00
406,775,52,103,2024-03-18 21:00:00
339,734,47,63,2024-03-18 22:00:00
377,491,33,71,2024-03-18 23:00:00
366,509,35,82,2024-03-19 00:00:00
435,358,45,87,2024-03-19 01:00:00
486,571,24,108,2024-03-19 02:00:00
523,791,42,99,2024-03-19 03:00:00
427,804,37,93,2024-03-19 04:00:00
490,783,47,88,2024-03-19 05:00:00
410,875,52,100,2024-03-19 06:00:00
1300,1697,84,86,2024-03-19 07:00:00
1806,2082,87,111,2024-03-19 08:00:00
2066,2374,83,111,2024-03-19 09:00:00
563,838,93,111,2024-03-19 10:00:00
645,1184,91,132,2024-03-19 11:00:00
711,1301,59,161,2024-03-19 12:00:00
738,1062,88,149,2024-03-19 13:00:00
608,1223,65,150,2024-03-19 14:00:00
708,1514,68,141,2024-03-19 15:00:00
586,994,63,157,2024-03-19 16:00:00
1476,2005,80,98,2024-03-19 17:00:00
1485,1562,94,83,2024-03-19 18:00:00
1267,1664,77,70,2024-03-19 19:00:00
436,798,43,97,2024-03-19 20:00:00
425,712,35,55,2024-03-19 21:00:00
401,551,35,79,2024-03-19 22:00:00
368,643,29,76,2024-03-19 23:00:00
369,750,39,61,2024-03-20 00:00:00
483,666,32,67,2024-03-20 01:00:00
441,744,39,91,2024-03-20 02:00:00
413,668,52,90,2024-03-20 03:00:00
515,831,55,95,2024-03-20 04:00:00
481,844,50,106,2024-03-20 05:00:00
646,753,54,111,2024-03-20 06:00:00
1561,1984,114,112,2024-03-20 07:00:00
1553,1720,102,103,2024-03-20 08:00:00
1776,1928,95,83,2024-03-20 09:00:00
529,1138,54,172,2024-03-20 10:00:00
588,1184,75,150,2024-03-20 11:00:00
586,938,80,130,2024-03-20 12:00:00
723,1312,64,115,2024-03-20 13:00:00
871,1202,72,147,2024-03-20 14:00:00
888,952,63,131,2024-03-20 15:00:00
692,777,61,156,2024-03-20 16:00:00
1590,1852,56,90,2024-03-20 17:00:00
1002,1639,80,77,2024-03-20 18:00:00
1163,1648,87,92,2024-03-20 19:00:00
412,706,42,106,2024-03-20 20:00:00
392,484,44,89,2024-03-20 21:00:00
396,612,36,90,2024-03-20 22:00:00
362,595,41,78,2024-03-20 23:00:00
270,674,37,80,2024-03-21 00:00:00
434,559,34,92,2024-03-21 01:00:00
341,814,49,89,2024-03-21 02:00:00
448,494,49,84,2024-03-21 03:00:00
612,894,42,112,2024-03-21 04:00:00
437,783,54,65,2024-03-21 05:00:00
341,992,59,144,2024-03-21 06:00:00
1416,1917,97,70,2024-03-21 07:00:00
1840,2367,71,92,2024-03-21 08:00:00
2153,2007,115,106,2024-03-21 09:00:00
564,925,63,135,2024-03-21 10:00:00
761,1375,67,163,2024-03-21 11:00:00
664,1123,100,120,2024-03-21 12:00:00
697,1171,74,147,2024-03-21 13:00:00
966,1312,65,126,2024-03-21 14:00:00
516,900,45,139,2024-03-21 15:00:00
656,1101,76,125,2024-03-21 16:00:00
1583,1726,71,96,2024-03-21 17:00:00
1597,1723,70,81,2024-03-21 18:00:00
1285,1639,72,75,2024-03-21 19:00:00
488,579,57,97,2024-03-21 20:00:00
407,611,48,99,2024-03-21 21:00:00
423,782,40,74,2024-03-21 22:00:00
370,707,41,68,2024-03-21 23:00:00
420,610,35,84,2024-03-22 00:00:00
369,647,40,78,2024-03-22 01:00:00
430,622,41,91,2024-03-22 02:00:00
431,833,50,75,2024-03-22 03:00:00
546,725,53,68,2024-03-22 04:00:00
503,839,54,93,2024-03-22 05:00:00
403,1030,52,97,2024-03-22 06:00:00
1760,1674,99,94,2024-03-22 07:00:00
1365,2494,93,91,2024-03-22 08:00:00
1502,1642,84,118,2024-03-22 09:00:00
630,1378,65,132,2024-03-22 10:00:00
855,1070,72,145,2024-03-22 11:00:00
485,1101,81,146,2024-03-22 12:00:00
1042,812,69,146,2024-03-22 13:00:00
802,1032,57,138,2024-03-22 14:00:00
688,899,67,143,2024-03-22 15:00:00
627,919,64,111,2024-03-22 16:00:00
1543,1855,91,115,2024-03-22 17:00:00
1481,2011,94,85,2024-03-22 18:00:00
1389,1672,88,65,2024-03-22 19:00:00
506,782,43,96,2024-03-22 20:00:00
439,579,39,76,2024-03-22 21:00:00
395,565,34,89,2024-03-22 22:00:00
381,793,43,104,2024-03-22 23:00:00
224,329,28,41,2024-03-23 00:00:00
274,468,22,49,2024-03-23 01:00:00
266,376,24,36,2024-03-23 02:00:00
145,416,32,55,2024-03-23 03:00:00
308,520,30,49,2024-03-23 04:00:00
313,579,32,55,2024-03-23 05:00:00
329,519,27,55,2024-03-23 06:00:00
836,1071,59,63,2024-03-23 07:00:00
1108,1203,49,70,2024-03-23 08:00:00
1141,1344,50,64,2024-03-23 09:00:00
367,753,39,72,2024-03-23 10:00:00
451,681,39,105,2024-03-23 11:00:00
366,749,41,76,2024-03-23 12:00:00
337,848,33,57,2024-03-23 13:00:00
376,703,48,89,2024-03-23 14:00:00
451,669,47,67,2024-03-23 15:00:00
433,468,27,87,2024-03-23 16:00:00
957,688,61,54,2024-03-23 17:00:00
914,1116,43,58,2024-03-23 18:00:00
819,959,51,59,2024-03-23 19:00:00
253,414,28,46,2024-03-23 20:00:00
277,431,26,48,2024-03-23 21:00:00
273,387,24,48,2024-03-23 22:00:00
261,438,28,58,2024-03-23 23:00:00
272,374,19,42,2024-03-24 00:00:00
259,333,26,43,2024-03-24 01:00:00
257,449,28,52,2024-03-24 02:00:00
302,402,29,47,2024-03-24 03:00:00
279,484,38,57,2024-03-24 04:00:00
264,452,28,47,2024-03-24 05:00:00
322,476,38,88,2024-03-24 06:00:00
789,1152,52,45,2024-03-24 07:00:00
852,1216,67,58,2024-03-24 08:00:00
978,1371,60,64,2024-03-24 09:00:00
366,638,39,107,2024-03-24 10:00:00
406,493,51,68,2024-03-24 11:00:00
307,641,40,111,2024-03-24 12:00:00
439,762,34,95,2024-03-24 13:00:00
416,635,38,88,2024-03-24 14:00:00
351,616,44,68,2024-03-24 15:00:00
417,697,46,82,2024-03-24 16:00:00
1013,1016,54,51,2024-03-24 17:00:00
626,811,59,63,2024-03-24 18:00:00
673,950,36,42,2024-03-24 19:00:00
248,416,26,55,2024-03-24 20:00:00
223,355,25,48,2024-03-24 21:00:00
274,380,24,42,2024-03-24 22:00:00
227,402,24,52,2024-03-24 23:00:00
370,615,42,83,2024-03-25 00:00:00
273,653,36,92,2024-03-25 01:00:00
446,828,42,60,2024-03-25 02:00:00
353,657,43,100,2024-03-25 03:00:00
471,779,40,129,2024-03-25 04:00:00
528,749,50,95,2024-03-25 05:00:00
662,768,54,141,2024-03-25 06:00:00
1190,1729,87,91,2024-03-25 07:00:00
865,1878,95,80,2024-03-25 08:00:00
1712,2247,101,102,2024-03-25 09:00:00
880,1498,65,160,2024-03-25 10:00:00
841,1013,84,124,2024-03-25 11:00:00
737,1072,59,130,2024-03-25 12:00:00
657,1124,63,154,2024-03-25 13:00:00
776,1174,98,139,2024-03-25 14:00:00
569,1108,56,145,2024-03-25 15:00:00
677,1206,50,131,2024-03-25 16:00:00
1593,1206,99,102,2024-03-25 17:00:00
1593,1129,57,82,2024-03-25 18:00:00
1792,1502,73,84,2024-03-25 19:00:00
495,871,62,80,2024-03-25 20:00:00
400,530,33,103,2024-03-25 21:00:00
405,357,29,74,2024-03-25 22:00:00
287,678,30,91,2024-03-25 23:00:00
345,638,44,74,2024-03-26 00:00:00
367,523,46,80,2024-03-26 01:00:00
375,555,38,75,2024-03-26 02:00:00
443,592,48,73,2024-03-26 03:00:00
410,760,56,69,2024-03-26 04:00:00
592,735,64,85,2024-03-26 05:00:00
550,945,53,105,2024-03-26 06:00:00
1479,1084,58,98,2024-03-26 07:00:00
1503,1763,83,116,2024-03-26 08:00:00
1705,1772,94,99,2024-03-26 09:00:00
778,1066,67,120,2024-03-26 10:00:00
617,1043,69,111,2024-03-26 11:00:00
644,1280,83,153,2024-03-26 12:00:00
677,818,84,171,2024-03-26 13:00:00
553,1116,67,165,2024-03-26 14:00:00
585,1156,78,147,2024-03-26 15:00:00
587,1293,67,139,2024-03-26 16:00:00
1675,1759,90,119,2024-03-26 17:00:00
1429,1845,94,92,2024-03-26 18:00:00
1305,1184,77,89,2024-03-26 19:00:00
527,479,61,89,2024-03-26 20:00:00
424,781,34,69,2024-03-26 21:00:00
431,651,38,73,2024-03-26 22:00:00
384,735,38,78,2024-03-26 23:00:00
400,489,41,78,2024-03-27 00:00:00
356,674,46,101,2024-03-27 01:00:00
258,834,41,82,2024-03-27 02:00:00
424,737,34,102,2024-03-27 03:00:00
567,779,53,87,2024-03-27 04:00:00
578,813,56,97,2024-03-27 05:00:00
629,672,39,88,2024-03-27 06:00:00
1756,2282,89,84,2024-03-27 07:00:00
1602,1838,72,109,2024-03-27 08:00:00
1716,2294,90,107,2024-03-27 09:00:00
629,849,60,158,2024-03-27 10:00:00
676,934,80,146,2024-03-27 11:00:00
781,1390,73,135,2024-03-27 12:00:00
837,1076,57,188,2024-03-27 13:00:00
678,1350,78,137,2024-03-27 14:00:00
622,1054,52,157,2024-03-27 15:00:00
632,732,66,119,2024-03-27 16:00:00
1615,2150,78,105,2024-03-27 17:00:00
1077,1604,78,100,2024-03-27 18:00:00
831,1793,82,84,2024-03-27 19:00:00
429,751,50,60,2024-03-27 20:00:00
354,533,52,87,2024-03-27 21:00:00
376,667,40,96,2024-03-27 22:00:00
382,831,41,84,2024-03-27 23:00:00
359,661,36,82,2024-03-28 00:00:00
476,620,40,58,2024-03-28 01:00:00
427,756,43,73,2024-03-28 02:00:00
453,715,43,92,2024-03-28 03:00:00
511,771,34,99,2024-03-28 04:00:00
421,679,53,120,2024-03-28 05:00:00
636,911,58,108,2024-03-28 06:00:00
1465,2191,80,101,2024-03-28 07:00:00
1740,1770,77,101,2024-03-28 08:00:00
1399,2589,122,91,2024-03-28 09:00:00
531,1093,74,92,2024-03-28 10:00:00
796,984,68,151,2024-03-28 11:00:00
755,1315,59,147,2024-03-28 12:00:00
613,1086,62,129,2024-03-28 13:00:00
602,1235,83,105,2024-03-28 14:00:00
779,1020,68,146,2024-03-28 15:00:00
520,1003,58,121,2024-03-28 16:00:00
1847,2037,96,103,2024-03-28 17:00:00
1189,1837,72,113,2024-03-28 18:00:00
1389,1137,93,55,2024-03-28 19:00:00
444,622,56,84,2024-03-28 20:00:00
472,790,40,84,2024-03-28 21:00:00
374,638,37,99,2024-03-28 22:00:00
381,576,24,59,2024-03-28 23:00:00
387,490,30,99,2024-03-29 00:00:00
332,524,31,80,2024-03-29 01:00:00
452,454,42,80,2024-03-29 02:00:00
400,683,41,84,2024-03-29 03:00:00
451,681,37,87,2024-03-29 04:00:00
432,694,49,117,2024-03-29 05:00:00
339,871,59,92,2024-03-29 06:00:00
1439,2000,96,100,2024-03-29 07:00:00
2153,2659,68,95,2024-03-29 08:00:00
1863,1649,98,94,2024-03-29 09:00:00
691,1301,55,192,2024-03-29 10:00:00
681,1301,81,151,2024-03-29 11:00:00
717,1010,80,156,2024-03-29 12:00:00
768,1170,61,166,2024-03-29 13:00:00
570,1032,61,109,2024-03-29 14:00:00
778,1096,62,168,2024-03-29 15:00:00
700,1241,42,79,2024-03-29 16:00:00
1641,2069,93,84,2024-03-29 17:00:00
1465,1894,79,82,2024-03-29 18:00:00
1272,1518,87,88,2024-03-29 19:00:00
515,581,39,97,2024-03-29 20:00:00
472,672,39,84,2024-03-29 21:00:00
385,769,32,81,2024-03-29 22:00:00
357,482,33,67,2024-03-29 23:00:00
235,311,19,36,2024-03-30 00:00:00
289,382,27,52,2024-03-30 01:00:00
199,333,22,54,2024-03-30 02:00:00
203,367,26,64,2024-03-30 03:00:00
287,420,26,49,2024-03-30 04:00:00
307,387,25,67,2024-03-30 05:00:00
339,451,32,63,2024-03-30 06:00:00
922,1258,58,67,2024-03-30 07:00:00
917,976,47,70,2024-03-30 08:00:00
1223,973,67,66,2024-03-30 09:00:00
316,602,36,79,2024-03-30 10:00:00
373,756,39,97,2024-03-30 11:00:00
422,666,46,94,2024-03-30 12:00:00
321,634,38,76,2024-03-30 13:00:00
405,670,42,67,2024-03-30 14:00:00
500,472,38,77,2024-03-30 15:00:00
381,652,39,93,2024-03-30 16:00:00
920,1203,34,67,2024-03-30 17:00:00
669,991,36,44,2024-03-30 18:00:00
691,1121,50,40,2024-03-30 19:00:00
265,373,32,67,2024-03-30 20:00:00
248,486,22,43,2024-03-30 21:00:00
291,400,24,53,2024-03-30 22:00:00
254,356,24,43,2024-03-30 23:00:00
